-- phpMyAdmin SQL Dump
-- version 5.0.2
-- https://www.phpmyadmin.net/
--
-- Host: 127.0.0.1
-- Generation Time: Apr 10, 2021 at 02:21 PM
-- Server version: 10.4.13-MariaDB
-- PHP Version: 7.4.8

SET SQL_MODE = "NO_AUTO_VALUE_ON_ZERO";
START TRANSACTION;
SET time_zone = "+00:00";


/*!40101 SET @OLD_CHARACTER_SET_CLIENT=@@CHARACTER_SET_CLIENT */;
/*!40101 SET @OLD_CHARACTER_SET_RESULTS=@@CHARACTER_SET_RESULTS */;
/*!40101 SET @OLD_COLLATION_CONNECTION=@@COLLATION_CONNECTION */;
/*!40101 SET NAMES utf8mb4 */;

--
-- Database: `notes-marketplace`
--

-- --------------------------------------------------------

--
-- Table structure for table `countries`
--

CREATE TABLE `countries` (
  `ID` int(11) NOT NULL,
  `Name` varchar(100) NOT NULL,
  `CountryCode` varchar(100) NOT NULL,
  `CreatedDate` datetime DEFAULT current_timestamp(),
  `CreatedBy` int(11) DEFAULT NULL,
  `ModifiedDate` datetime DEFAULT current_timestamp(),
  `ModifiedBy` int(11) DEFAULT NULL,
  `IsActive` bit(1) NOT NULL
) ENGINE=InnoDB DEFAULT CHARSET=utf8mb4;

--
-- Dumping data for table `countries`
--

INSERT INTO `countries` (`ID`, `Name`, `CountryCode`, `CreatedDate`, `CreatedBy`, `ModifiedDate`, `ModifiedBy`, `IsActive`) VALUES
(1, 'Australia', '+61', '2021-03-04 17:57:25', 1, '2021-03-04 17:57:25', 1, b'1'),
(2, 'Bangladesh', '+880', '2021-03-04 17:57:25', 1, '2021-03-04 17:57:25', 1, b'1'),
(3, 'Canada', '+1', '2021-03-04 17:58:07', 1, '2021-04-10 11:28:33', 1, b'0'),
(4, 'China', '+86', '2021-03-04 17:58:07', 1, '2021-03-04 17:58:07', 1, b'1'),
(5, 'Denmark', '+45', '2021-03-04 17:58:47', 1, '2021-03-04 17:58:47', 1, b'1'),
(6, 'Egypt', '+20', '2021-03-04 17:58:47', 1, '2021-03-04 17:58:47', 1, b'1'),
(7, 'France', '+33', '2021-03-04 17:59:22', 1, '2021-03-04 17:59:22', 1, b'1'),
(8, 'Germany', '+49', '2021-03-04 17:59:22', 1, '2021-03-04 17:59:22', 1, b'1'),
(9, 'India', '+91', '2021-03-04 17:59:59', 1, '2021-03-04 17:59:59', 1, b'1'),
(10, 'Japan', '+81', '2021-03-04 17:59:59', 1, '2021-03-04 17:59:59', 1, b'1'),
(11, 'United Kingdom', '+44', '2021-03-04 18:00:45', 1, '2021-03-04 18:00:45', 1, b'1'),
(12, 'United States', '+1', '2021-03-04 18:00:45', 1, '2021-03-04 18:00:45', 1, b'1'),
(13, 'Romania', '+642', '2021-04-09 10:15:33', 14, '2021-04-10 11:28:37', 1, b'0');

-- --------------------------------------------------------

--
-- Table structure for table `downloads`
--

CREATE TABLE `downloads` (
  `ID` int(11) NOT NULL,
  `NoteID` int(11) NOT NULL,
  `Seller` int(11) NOT NULL,
  `Downloader` int(11) NOT NULL,
  `IsSellerHasAllowedDownload` bit(1) NOT NULL,
  `AtachmentPath` varchar(255) DEFAULT NULL,
  `IsAttachmentDownloaded` bit(1) NOT NULL,
  `AttachmentDownloadedDate` datetime DEFAULT NULL,
  `IsPaid` bit(64) NOT NULL,
  `PurchasedPrice` decimal(10,2) DEFAULT NULL,
  `NoteTitle` varchar(100) NOT NULL,
  `NoteCategory` varchar(100) NOT NULL,
  `CreatedDate` datetime DEFAULT NULL,
  `CreatedBy` int(11) DEFAULT NULL,
  `ModifiedDate` datetime DEFAULT NULL,
  `ModifiedBy` int(11) DEFAULT NULL,
  `IsActive` bit(2) NOT NULL DEFAULT b'1'
) ENGINE=InnoDB DEFAULT CHARSET=utf8mb4;

--
-- Dumping data for table `downloads`
--

INSERT INTO `downloads` (`ID`, `NoteID`, `Seller`, `Downloader`, `IsSellerHasAllowedDownload`, `AtachmentPath`, `IsAttachmentDownloaded`, `AttachmentDownloadedDate`, `IsPaid`, `PurchasedPrice`, `NoteTitle`, `NoteCategory`, `CreatedDate`, `CreatedBy`, `ModifiedDate`, `ModifiedBy`, `IsActive`) VALUES
(37, 25, 5, 5, b'1', '../Members/5/25/Attachements/Attachement_0_040321055451.pdf', b'1', '2021-03-24 08:54:47', b'0000000000000000000000000000000000000000000000000000000000000000', NULL, 'history of US', 'History', '2021-03-24 08:54:47', 5, '2021-03-24 08:54:47', 5, b'01'),
(38, 25, 5, 5, b'1', '../Members/5/25/Attachements/Attachement_1_040321102451.pdf', b'1', '2021-03-24 08:54:47', b'0000000000000000000000000000000000000000000000000000000000000000', NULL, 'history of US', 'History', '2021-03-24 08:54:47', 5, '2021-03-24 08:54:47', 5, b'01'),
(40, 25, 5, 5, b'1', '../Members/5/25/Attachements/Attachement_0_040321055451.pdf', b'1', '2021-03-24 11:38:40', b'0000000000000000000000000000000000000000000000000000000000000000', NULL, 'history of US', 'History', '2021-03-24 11:38:40', 5, '2021-03-24 11:38:40', 5, b'01'),
(41, 25, 5, 5, b'1', '../Members/5/25/Attachements/Attachement_1_040321102451.pdf', b'1', '2021-03-24 11:38:40', b'0000000000000000000000000000000000000000000000000000000000000000', NULL, 'history of US', 'History', '2021-03-24 11:38:40', 5, '2021-03-24 11:38:40', 5, b'01'),
(46, 10, 5, 5, b'1', 'happy', b'0', '2021-03-24 12:29:24', b'0000000000000000000000000000000000000000000000000000000000000001', '80.00', 'helloworld program', 'IT', '2021-03-24 12:29:24', 5, '2021-03-24 12:29:24', 5, b'01'),
(57, 50, 6, 5, b'0', NULL, b'0', '2021-03-25 10:09:44', b'0000000000000000000000000000000000000000000000000000000000000001', '30.00', 'you only leave once', 'Cooking', '2021-03-25 10:09:44', 5, '2021-03-25 10:09:44', 5, b'01'),
(58, 50, 6, 5, b'0', NULL, b'0', '2021-03-25 10:09:44', b'0000000000000000000000000000000000000000000000000000000000000001', '30.00', 'you only leave once', 'Cooking', '2021-03-25 10:09:44', 5, '2021-03-25 10:09:44', 5, b'01'),
(59, 46, 6, 5, b'1', '../Members/6/46/Attachements/Attachement_0_240321045412.pdf', b'1', '2021-03-25 10:14:20', b'0000000000000000000000000000000000000000000000000000000000000000', NULL, 'think like a monk', 'Sports', '2021-03-25 10:14:20', 5, '2021-03-25 10:14:20', 5, b'01'),
(60, 47, 6, 5, b'1', '../Members/6/47/Attachements/Attachement_0_240321045532.pdf', b'1', '2021-03-25 10:14:35', b'0000000000000000000000000000000000000000000000000000000000000000', NULL, 'the psychology of money', 'Politics', '2021-03-25 10:14:35', 5, '2021-03-25 10:14:35', 5, b'01'),
(61, 48, 6, 5, b'1', '../Members/6/48/Attachements/Attachement_0_240321045803.pdf', b'1', '2021-03-25 14:16:01', b'0000000000000000000000000000000000000000000000000000000000000001', '95.00', 'the wealth of nations', 'Computer science', '2021-03-25 10:14:50', 5, '2021-03-25 10:14:50', 5, b'01'),
(62, 48, 6, 5, b'1', '../Members/6/48/Attachements/Attachement_1_240321092804.pdf', b'1', '2021-03-25 14:16:01', b'0000000000000000000000000000000000000000000000000000000000000001', '95.00', 'the wealth of nations', 'Computer science', '2021-03-25 10:14:50', 5, '2021-03-25 10:14:50', 5, b'01'),
(63, 49, 6, 5, b'1', '../Members/6/49/Attachements/Attachement_0_240321050022.pdf', b'0', '2021-03-25 10:15:06', b'0000000000000000000000000000000000000000000000000000000000000001', '66.00', 'think and grow rich', 'IT', '2021-03-25 10:15:06', 5, '2021-03-25 10:15:06', 5, b'01'),
(64, 49, 6, 5, b'1', '../Members/6/49/Attachements/Attachement_1_240321093022.pdf', b'0', '2021-03-25 10:15:06', b'0000000000000000000000000000000000000000000000000000000000000001', '66.00', 'think and grow rich', 'IT', '2021-03-25 10:15:06', 5, '2021-03-25 10:15:06', 5, b'01'),
(65, 24, 5, 5, b'0', NULL, b'0', '2021-03-25 10:15:19', b'0000000000000000000000000000000000000000000000000000000000000001', '78.00', 'network logic2', 'IT', '2021-03-25 10:15:19', 5, '2021-03-25 10:15:19', 5, b'01'),
(66, 25, 5, 5, b'1', '../Members/5/25/Attachements/Attachement_0_040321055451.pdf', b'1', '2021-03-25 10:15:32', b'0000000000000000000000000000000000000000000000000000000000000000', NULL, 'history of US', 'History', '2021-03-25 10:15:32', 5, '2021-03-25 10:15:32', 5, b'01'),
(67, 25, 5, 5, b'1', '../Members/5/25/Attachements/Attachement_1_040321102451.pdf', b'1', '2021-03-25 10:15:32', b'0000000000000000000000000000000000000000000000000000000000000000', NULL, 'history of US', 'History', '2021-03-25 10:15:32', 5, '2021-03-25 10:15:32', 5, b'01'),
(68, 53, 6, 5, b'1', '../Members/6/53/Attachements/Attachement_0_240321051623.pdf', b'1', '2021-03-25 10:16:07', b'0000000000000000000000000000000000000000000000000000000000000000', NULL, 'romio and juliat', 'Sports', '2021-03-25 10:16:07', 5, '2021-03-25 10:16:07', 5, b'01'),
(69, 58, 6, 5, b'1', '../Members/6/58/Attachements/Attachement_0_240321052355.pdf', b'1', '2021-03-25 10:16:45', b'0000000000000000000000000000000000000000000000000000000000000000', NULL, 'the guardians', 'Sports', '2021-03-25 10:16:45', 5, '2021-03-25 10:16:45', 5, b'01'),
(70, 46, 6, 5, b'1', '../Members/6/46/Attachements/Attachement_0_240321045412.pdf', b'1', '2021-03-25 13:53:15', b'0000000000000000000000000000000000000000000000000000000000000000', NULL, 'think like a monk', 'Sports', '2021-03-25 13:53:15', 5, '2021-03-25 13:53:15', 5, b'01'),
(73, 48, 6, 5, b'1', '../Members/6/48/Attachements/Attachement_0_240321045803.pdf', b'1', '2021-03-25 14:07:44', b'0000000000000000000000000000000000000000000000000000000000000001', '95.00', 'the wealth of nations', 'Computer science', '2021-03-25 14:07:44', 5, '2021-03-25 14:07:44', 5, b'01'),
(74, 48, 6, 5, b'1', '../Members/6/48/Attachements/Attachement_1_240321092804.pdf', b'1', '2021-03-25 14:07:44', b'0000000000000000000000000000000000000000000000000000000000000001', '95.00', 'the wealth of nations', 'Computer science', '2021-03-25 14:07:44', 5, '2021-03-25 14:07:44', 5, b'01'),
(75, 10, 5, 6, b'1', '../Members/5/10/Attachements/Attachement_0_040321043600.pdf', b'1', '2021-03-26 16:35:28', b'0000000000000000000000000000000000000000000000000000000000000001', '80.00', 'helloworld program', 'IT', '2021-03-25 16:26:29', 6, '2021-03-25 16:26:29', 6, b'01'),
(76, 10, 5, 6, b'1', '../Members/5/10/Attachements/Attachement_1_040321090601.pdf', b'1', '2021-03-26 16:35:29', b'0000000000000000000000000000000000000000000000000000000000000001', '80.00', 'helloworld program', 'IT', '2021-03-25 16:26:29', 6, '2021-03-25 16:26:29', 6, b'01'),
(77, 10, 5, 6, b'1', '../Members/5/10/Attachements/Attachement_2_040321090601.pdf', b'1', '2021-03-26 16:35:29', b'0000000000000000000000000000000000000000000000000000000000000001', '80.00', 'helloworld program', 'IT', '2021-03-25 16:26:29', 6, '2021-03-25 16:26:29', 6, b'01'),
(78, 21, 5, 6, b'1', '../Members/5/21/Attachements/Attachement_0_040321054711.pdf', b'1', '2021-03-25 16:26:42', b'0000000000000000000000000000000000000000000000000000000000000000', NULL, 'mobile system', 'IT', '2021-03-25 16:26:42', 6, '2021-03-25 16:26:42', 6, b'01'),
(79, 21, 5, 6, b'1', '../Members/5/21/Attachements/Attachement_1_040321101711.pdf', b'1', '2021-03-25 16:26:43', b'0000000000000000000000000000000000000000000000000000000000000000', NULL, 'mobile system', 'IT', '2021-03-25 16:26:43', 6, '2021-03-25 16:26:43', 6, b'01'),
(80, 23, 5, 6, b'0', NULL, b'0', '2021-03-25 16:27:20', b'0000000000000000000000000000000000000000000000000000000000000001', '789.00', 'network logic', 'IT', '2021-03-25 16:27:20', 6, '2021-03-25 16:27:20', 6, b'00'),
(81, 14, 5, 6, b'1', '../Members/5/14/Attachements/Attachement_0_040321053057.pdf', b'1', '2021-03-26 16:35:25', b'0000000000000000000000000000000000000000000000000000000000000001', '33.00', 'wings of fire', 'History', '2021-03-25 16:27:36', 6, '2021-03-25 16:27:36', 6, b'01'),
(82, 25, 5, 6, b'1', '../Members/5/25/Attachements/Attachement_0_040321055451.pdf', b'1', '2021-03-25 16:28:19', b'0000000000000000000000000000000000000000000000000000000000000000', NULL, 'history of US', 'History', '2021-03-25 16:28:19', 6, '2021-03-25 16:28:19', 6, b'01'),
(83, 25, 5, 6, b'1', '../Members/5/25/Attachements/Attachement_1_040321102451.pdf', b'1', '2021-03-25 16:28:19', b'0000000000000000000000000000000000000000000000000000000000000000', NULL, 'history of US', 'History', '2021-03-25 16:28:19', 6, '2021-03-25 16:28:19', 6, b'01'),
(84, 24, 5, 6, b'1', '../Members/5/24/Attachements/Attachement_0_040321055326.pdf', b'1', '2021-03-26 16:35:43', b'0000000000000000000000000000000000000000000000000000000000000001', '78.00', 'network logic2', 'IT', '2021-03-25 16:33:47', 6, '2021-03-25 16:33:47', 6, b'01'),
(85, 22, 5, 6, b'1', '../Members/5/22/Attachements/Attachement_0_040321054904.pdf', b'1', '2021-03-26 16:35:39', b'0000000000000000000000000000000000000000000000000000000000000001', '89.00', 'machine instuments', 'IT', '2021-03-25 16:34:03', 6, '2021-03-25 16:34:03', 6, b'01'),
(86, 19, 5, 6, b'1', '../Members/5/19/Attachements/Attachement_0_040321054301.pdf', b'1', '2021-03-26 16:35:34', b'0000000000000000000000000000000000000000000000000000000000000001', '70.00', 'the lion', 'Sports', '2021-03-25 16:34:17', 6, '2021-03-25 16:34:17', 6, b'01'),
(87, 19, 5, 6, b'1', '../Members/5/19/Attachements/Attachement_1_040321101301.pdf', b'1', '2021-03-26 16:35:34', b'0000000000000000000000000000000000000000000000000000000000000001', '70.00', 'the lion', 'Sports', '2021-03-25 16:34:17', 6, '2021-03-25 16:34:17', 6, b'01'),
(88, 27, 5, 6, b'1', '../Members/5/27/Attachements/Attachement_0_040321055842.pdf', b'1', '2021-03-26 16:35:49', b'0000000000000000000000000000000000000000000000000000000000000001', '13.00', 'the avengers', 'Sports', '2021-03-25 16:34:36', 6, '2021-03-25 16:34:36', 6, b'01'),
(89, 27, 5, 6, b'1', '../Members/5/27/Attachements/Attachement_1_040321102842.pdf', b'1', '2021-03-26 16:35:49', b'0000000000000000000000000000000000000000000000000000000000000001', '13.00', 'the avengers', 'Sports', '2021-03-25 16:34:36', 6, '2021-03-25 16:34:36', 6, b'01'),
(90, 27, 5, 6, b'1', '../Members/5/27/Attachements/Attachement_2_040321102842.pdf', b'1', '2021-03-26 16:35:49', b'0000000000000000000000000000000000000000000000000000000000000001', '13.00', 'the avengers', 'Sports', '2021-03-25 16:34:36', 6, '2021-03-25 16:34:36', 6, b'01'),
(91, 28, 5, 6, b'1', '../Members/5/28/Attachements/Attachement_0_040321055932.pdf', b'1', '2021-03-26 16:35:53', b'0000000000000000000000000000000000000000000000000000000000000001', '130.00', 'the avengers part 2', 'Politics', '2021-03-25 16:34:58', 6, '2021-03-25 16:34:58', 6, b'00'),
(92, 28, 5, 6, b'1', '../Members/5/28/Attachements/Attachement_1_040321102932.pdf', b'1', '2021-03-26 16:35:53', b'0000000000000000000000000000000000000000000000000000000000000001', '130.00', 'the avengers part 2', 'Politics', '2021-03-25 16:34:58', 6, '2021-03-25 16:34:58', 6, b'00'),
(93, 28, 5, 6, b'1', '../Members/5/28/Attachements/Attachement_2_040321102932.pdf', b'1', '2021-03-26 16:35:53', b'0000000000000000000000000000000000000000000000000000000000000001', '130.00', 'the avengers part 2', 'Politics', '2021-03-25 16:34:58', 6, '2021-03-25 16:34:58', 6, b'00'),
(94, 26, 5, 6, b'1', '../Members/5/26/Attachements/Attachement_0_040321055646.pdf', b'1', '2021-03-25 16:35:20', b'0000000000000000000000000000000000000000000000000000000000000000', NULL, 'land of egypt', 'Politics', '2021-03-25 16:35:20', 6, '2021-03-25 16:35:20', 6, b'01'),
(95, 26, 5, 6, b'1', '../Members/5/26/Attachements/Attachement_1_040321102646.pdf', b'1', '2021-03-25 16:35:20', b'0000000000000000000000000000000000000000000000000000000000000000', NULL, 'land of egypt', 'Politics', '2021-03-25 16:35:20', 6, '2021-03-25 16:35:20', 6, b'01'),
(96, 10, 5, 9, b'0', NULL, b'0', '2021-03-26 15:51:14', b'0000000000000000000000000000000000000000000000000000000000000001', '80.00', 'helloworld program', 'IT', '2021-03-26 15:51:14', 9, '2021-03-26 15:51:14', 9, b'01'),
(97, 10, 5, 9, b'0', NULL, b'0', '2021-03-26 15:51:14', b'0000000000000000000000000000000000000000000000000000000000000001', '80.00', 'helloworld program', 'IT', '2021-03-26 15:51:14', 9, '2021-03-26 15:51:14', 9, b'01'),
(98, 10, 5, 9, b'0', NULL, b'0', '2021-03-26 15:51:14', b'0000000000000000000000000000000000000000000000000000000000000001', '80.00', 'helloworld program', 'IT', '2021-03-26 15:51:14', 9, '2021-03-26 15:51:14', 9, b'01'),
(99, 14, 5, 9, b'0', NULL, b'0', '2021-03-26 15:51:27', b'0000000000000000000000000000000000000000000000000000000000000001', '33.00', 'wings of fire', 'History', '2021-03-26 15:51:27', 9, '2021-03-26 15:51:27', 9, b'01'),
(100, 19, 5, 9, b'0', NULL, b'0', '2021-03-26 15:51:44', b'0000000000000000000000000000000000000000000000000000000000000001', '70.00', 'the lion', 'Sports', '2021-03-26 15:51:44', 9, '2021-03-26 15:51:44', 9, b'01'),
(101, 19, 5, 9, b'0', NULL, b'0', '2021-03-26 15:51:44', b'0000000000000000000000000000000000000000000000000000000000000001', '70.00', 'the lion', 'Sports', '2021-03-26 15:51:44', 9, '2021-03-26 15:51:44', 9, b'01'),
(102, 22, 5, 9, b'0', NULL, b'0', '2021-03-26 15:52:02', b'0000000000000000000000000000000000000000000000000000000000000001', '89.00', 'machine instuments', 'IT', '2021-03-26 15:52:02', 9, '2021-03-26 15:52:02', 9, b'01'),
(103, 24, 5, 9, b'0', NULL, b'0', '2021-03-26 15:52:20', b'0000000000000000000000000000000000000000000000000000000000000001', '78.00', 'network logic2', 'IT', '2021-03-26 15:52:20', 9, '2021-03-26 15:52:20', 9, b'01'),
(104, 25, 5, 9, b'1', '../Members/5/25/Attachements/Attachement_0_040321055451.pdf', b'1', '2021-03-26 15:52:34', b'0000000000000000000000000000000000000000000000000000000000000000', NULL, 'history of US', 'History', '2021-03-26 15:52:34', 9, '2021-03-26 15:52:34', 9, b'01'),
(105, 25, 5, 9, b'1', '../Members/5/25/Attachements/Attachement_1_040321102451.pdf', b'1', '2021-03-26 15:52:34', b'0000000000000000000000000000000000000000000000000000000000000000', NULL, 'history of US', 'History', '2021-03-26 15:52:34', 9, '2021-03-26 15:52:34', 9, b'01'),
(106, 47, 6, 9, b'1', '../Members/6/47/Attachements/Attachement_0_240321045532.pdf', b'1', '2021-03-26 15:52:52', b'0000000000000000000000000000000000000000000000000000000000000000', NULL, 'the psychology of money', 'Politics', '2021-03-26 15:52:52', 9, '2021-03-26 15:52:52', 9, b'01'),
(107, 27, 5, 9, b'0', NULL, b'0', '2021-03-26 15:53:05', b'0000000000000000000000000000000000000000000000000000000000000001', '13.00', 'the avengers', 'Sports', '2021-03-26 15:53:05', 9, '2021-03-26 15:53:05', 9, b'01'),
(108, 27, 5, 9, b'0', NULL, b'0', '2021-03-26 15:53:05', b'0000000000000000000000000000000000000000000000000000000000000001', '13.00', 'the avengers', 'Sports', '2021-03-26 15:53:05', 9, '2021-03-26 15:53:05', 9, b'01'),
(109, 27, 5, 9, b'0', NULL, b'0', '2021-03-26 15:53:05', b'0000000000000000000000000000000000000000000000000000000000000001', '13.00', 'the avengers', 'Sports', '2021-03-26 15:53:05', 9, '2021-03-26 15:53:05', 9, b'01'),
(110, 48, 6, 9, b'0', NULL, b'0', '2021-03-26 15:53:21', b'0000000000000000000000000000000000000000000000000000000000000001', '95.00', 'the wealth of nations', 'Computer science', '2021-03-26 15:53:21', 9, '2021-03-26 15:53:21', 9, b'01'),
(111, 48, 6, 9, b'0', NULL, b'0', '2021-03-26 15:53:21', b'0000000000000000000000000000000000000000000000000000000000000001', '95.00', 'the wealth of nations', 'Computer science', '2021-03-26 15:53:21', 9, '2021-03-26 15:53:21', 9, b'01'),
(112, 49, 6, 9, b'0', NULL, b'0', '2021-03-26 15:53:36', b'0000000000000000000000000000000000000000000000000000000000000001', '66.00', 'think and grow rich', 'IT', '2021-03-26 15:53:36', 9, '2021-03-26 15:53:36', 9, b'01'),
(113, 49, 6, 9, b'0', NULL, b'0', '2021-03-26 15:53:36', b'0000000000000000000000000000000000000000000000000000000000000001', '66.00', 'think and grow rich', 'IT', '2021-03-26 15:53:36', 9, '2021-03-26 15:53:36', 9, b'01'),
(114, 51, 6, 9, b'1', '../Members/6/51/Attachements/Attachement_0_240321051319.pdf', b'1', '2021-03-26 15:53:57', b'0000000000000000000000000000000000000000000000000000000000000000', NULL, 'the blue umbrella', 'History', '2021-03-26 15:53:57', 9, '2021-03-26 15:53:57', 9, b'01'),
(115, 56, 6, 9, b'0', NULL, b'0', '2021-03-26 15:54:13', b'0000000000000000000000000000000000000000000000000000000000000001', '500.00', 'nothing lasts forever', 'History', '2021-03-26 15:54:13', 9, '2021-03-26 15:54:13', 9, b'01'),
(116, 58, 6, 9, b'1', '../Members/6/58/Attachements/Attachement_0_240321052355.pdf', b'1', '2021-03-26 15:54:32', b'0000000000000000000000000000000000000000000000000000000000000000', NULL, 'the guardians', 'Sports', '2021-03-26 15:54:32', 9, '2021-03-26 15:54:32', 9, b'01'),
(117, 59, 6, 10, b'1', '../Members/6/59/Attachements/Attachement_0_240321052505.pdf', b'1', '2021-03-26 16:29:21', b'0000000000000000000000000000000000000000000000000000000000000001', '78.00', 'just missed', 'IT', '2021-03-26 15:55:54', 10, '2021-03-26 15:55:54', 10, b'01'),
(118, 57, 6, 10, b'0', NULL, b'0', '2021-03-26 15:56:14', b'0000000000000000000000000000000000000000000000000000000000000001', '78.00', 'nothing lasts forever', 'History', '2021-03-26 15:56:14', 10, '2021-03-26 15:56:14', 10, b'01'),
(119, 55, 6, 10, b'1', '../Members/6/55/Attachements/Attachement_0_240321051937.pdf', b'1', '2021-03-26 16:28:59', b'0000000000000000000000000000000000000000000000000000000000000001', '500.00', 'the time machine', 'Computer science', '2021-03-26 15:56:38', 10, '2021-03-26 15:56:38', 10, b'01'),
(120, 53, 6, 10, b'1', '../Members/6/53/Attachements/Attachement_0_240321051623.pdf', b'1', '2021-03-26 15:56:53', b'0000000000000000000000000000000000000000000000000000000000000000', NULL, 'romio and juliat', 'Sports', '2021-03-26 15:56:53', 10, '2021-03-26 15:56:53', 10, b'01'),
(121, 54, 6, 10, b'1', '../Members/6/54/Attachements/Attachement_0_240321051815.pdf', b'1', '2021-03-26 16:31:59', b'0000000000000000000000000000000000000000000000000000000000000001', '50.00', 'one indian girl', 'Cooking', '2021-03-26 15:57:05', 10, '2021-03-26 15:57:05', 10, b'01'),
(122, 52, 6, 10, b'1', '../Members/6/52/Attachements/Attachement_0_240321051450.pdf', b'1', '2021-03-26 16:31:42', b'0000000000000000000000000000000000000000000000000000000000000001', '70.00', 'the art of war', 'Politics', '2021-03-26 15:57:19', 10, '2021-03-26 15:57:19', 10, b'01'),
(123, 50, 6, 10, b'0', NULL, b'0', '2021-03-26 15:57:39', b'0000000000000000000000000000000000000000000000000000000000000001', '30.00', 'you only leave once', 'Cooking', '2021-03-26 15:57:39', 10, '2021-03-26 15:57:39', 10, b'01'),
(124, 50, 6, 10, b'0', NULL, b'0', '2021-03-26 15:57:39', b'0000000000000000000000000000000000000000000000000000000000000001', '30.00', 'you only leave once', 'Cooking', '2021-03-26 15:57:39', 10, '2021-03-26 15:57:39', 10, b'01'),
(125, 26, 5, 10, b'1', '../Members/5/26/Attachements/Attachement_0_040321055646.pdf', b'1', '2021-03-26 15:57:57', b'0000000000000000000000000000000000000000000000000000000000000000', NULL, 'land of egypt', 'Politics', '2021-03-26 15:57:57', 10, '2021-03-26 15:57:57', 10, b'01'),
(126, 26, 5, 10, b'1', '../Members/5/26/Attachements/Attachement_1_040321102646.pdf', b'1', '2021-03-26 15:57:57', b'0000000000000000000000000000000000000000000000000000000000000000', NULL, 'land of egypt', 'Politics', '2021-03-26 15:57:57', 10, '2021-03-26 15:57:57', 10, b'01'),
(127, 28, 5, 10, b'0', NULL, b'0', '2021-03-26 15:58:07', b'0000000000000000000000000000000000000000000000000000000000000001', '130.00', 'the avengers part 2', 'Politics', '2021-03-26 15:58:07', 10, '2021-03-26 15:58:07', 10, b'00'),
(128, 28, 5, 10, b'0', NULL, b'0', '2021-03-26 15:58:07', b'0000000000000000000000000000000000000000000000000000000000000001', '130.00', 'the avengers part 2', 'Politics', '2021-03-26 15:58:07', 10, '2021-03-26 15:58:07', 10, b'00'),
(129, 28, 5, 10, b'0', NULL, b'0', '2021-03-26 15:58:07', b'0000000000000000000000000000000000000000000000000000000000000001', '130.00', 'the avengers part 2', 'Politics', '2021-03-26 15:58:07', 10, '2021-03-26 15:58:07', 10, b'00'),
(130, 47, 6, 10, b'1', '../Members/6/47/Attachements/Attachement_0_240321045532.pdf', b'1', '2021-03-26 15:58:26', b'0000000000000000000000000000000000000000000000000000000000000000', NULL, 'the psychology of money', 'Politics', '2021-03-26 15:58:26', 10, '2021-03-26 15:58:26', 10, b'01'),
(131, 46, 6, 10, b'1', '../Members/6/46/Attachements/Attachement_0_240321045412.pdf', b'1', '2021-03-26 15:58:36', b'0000000000000000000000000000000000000000000000000000000000000000', NULL, 'think like a monk', 'Sports', '2021-03-26 15:58:36', 10, '2021-03-26 15:58:36', 10, b'01'),
(132, 51, 6, 10, b'1', '../Members/6/51/Attachements/Attachement_0_240321051319.pdf', b'1', '2021-03-26 15:58:50', b'0000000000000000000000000000000000000000000000000000000000000000', NULL, 'the blue umbrella', 'History', '2021-03-26 15:58:50', 10, '2021-03-26 15:58:50', 10, b'01'),
(133, 19, 5, 10, b'0', NULL, b'0', '2021-03-26 15:59:00', b'0000000000000000000000000000000000000000000000000000000000000001', '70.00', 'the lion', 'Sports', '2021-03-26 15:59:00', 10, '2021-03-26 15:59:00', 10, b'01'),
(134, 19, 5, 10, b'0', NULL, b'0', '2021-03-26 15:59:00', b'0000000000000000000000000000000000000000000000000000000000000001', '70.00', 'the lion', 'Sports', '2021-03-26 15:59:00', 10, '2021-03-26 15:59:00', 10, b'01'),
(135, 49, 6, 10, b'0', NULL, b'0', '2021-03-26 15:59:15', b'0000000000000000000000000000000000000000000000000000000000000001', '66.00', 'think and grow rich', 'IT', '2021-03-26 15:59:15', 10, '2021-03-26 15:59:15', 10, b'01'),
(136, 49, 6, 10, b'0', NULL, b'0', '2021-03-26 15:59:15', b'0000000000000000000000000000000000000000000000000000000000000001', '66.00', 'think and grow rich', 'IT', '2021-03-26 15:59:15', 10, '2021-03-26 15:59:15', 10, b'01'),
(137, 10, 5, 10, b'0', NULL, b'0', '2021-03-26 15:59:31', b'0000000000000000000000000000000000000000000000000000000000000001', '80.00', 'helloworld program', 'IT', '2021-03-26 15:59:31', 10, '2021-03-26 15:59:31', 10, b'01'),
(138, 10, 5, 10, b'0', NULL, b'0', '2021-03-26 15:59:31', b'0000000000000000000000000000000000000000000000000000000000000001', '80.00', 'helloworld program', 'IT', '2021-03-26 15:59:31', 10, '2021-03-26 15:59:31', 10, b'01'),
(139, 10, 5, 10, b'0', NULL, b'0', '2021-03-26 15:59:32', b'0000000000000000000000000000000000000000000000000000000000000001', '80.00', 'helloworld program', 'IT', '2021-03-26 15:59:32', 10, '2021-03-26 15:59:32', 10, b'01'),
(140, 9, 5, 10, b'1', '../Members/5/9/Attachements/Attachement_0_040321043355.pdf', b'1', '2021-03-26 16:30:02', b'0000000000000000000000000000000000000000000000000000000000000001', '65.00', 'cricket lover', 'Sports', '2021-03-26 15:59:45', 10, '2021-03-26 15:59:45', 10, b'01'),
(141, 9, 5, 10, b'1', '../Members/5/9/Attachements/Attachement_1_040321090355.pdf', b'1', '2021-03-26 16:30:02', b'0000000000000000000000000000000000000000000000000000000000000001', '65.00', 'cricket lover', 'Sports', '2021-03-26 15:59:45', 10, '2021-03-26 15:59:45', 10, b'01'),
(142, 21, 5, 10, b'1', '../Members/5/21/Attachements/Attachement_0_040321054711.pdf', b'1', '2021-03-26 15:59:56', b'0000000000000000000000000000000000000000000000000000000000000000', NULL, 'mobile system', 'IT', '2021-03-26 15:59:56', 10, '2021-03-26 15:59:56', 10, b'01'),
(143, 21, 5, 10, b'1', '../Members/5/21/Attachements/Attachement_1_040321101711.pdf', b'1', '2021-03-26 15:59:56', b'0000000000000000000000000000000000000000000000000000000000000000', NULL, 'mobile system', 'IT', '2021-03-26 15:59:56', 10, '2021-03-26 15:59:56', 10, b'01'),
(144, 22, 5, 10, b'0', NULL, b'0', '2021-03-26 16:00:06', b'0000000000000000000000000000000000000000000000000000000000000001', '89.00', 'machine instuments', 'IT', '2021-03-26 16:00:06', 10, '2021-03-26 16:00:06', 10, b'01'),
(145, 25, 5, 10, b'1', '../Members/5/25/Attachements/Attachement_0_040321055451.pdf', b'1', '2021-03-26 16:00:22', b'0000000000000000000000000000000000000000000000000000000000000000', NULL, 'history of US', 'History', '2021-03-26 16:00:22', 10, '2021-03-26 16:00:22', 10, b'01'),
(146, 25, 5, 10, b'1', '../Members/5/25/Attachements/Attachement_1_040321102451.pdf', b'1', '2021-03-26 16:00:22', b'0000000000000000000000000000000000000000000000000000000000000000', NULL, 'history of US', 'History', '2021-03-26 16:00:22', 10, '2021-03-26 16:00:22', 10, b'01'),
(147, 23, 5, 10, b'0', NULL, b'0', '2021-03-26 16:00:32', b'0000000000000000000000000000000000000000000000000000000000000001', '789.00', 'network logic', 'IT', '2021-03-26 16:00:32', 10, '2021-03-26 16:00:32', 10, b'00'),
(148, 25, 5, 5, b'1', '../Members/5/25/Attachements/Attachement_0_040321055451.pdf', b'1', '2021-03-27 00:03:01', b'0000000000000000000000000000000000000000000000000000000000000000', NULL, 'history of US', 'History', '2021-03-27 00:03:01', 5, '2021-03-27 00:03:01', 5, b'01'),
(149, 25, 5, 5, b'1', '../Members/5/25/Attachements/Attachement_1_040321102451.pdf', b'1', '2021-03-27 00:03:01', b'0000000000000000000000000000000000000000000000000000000000000000', NULL, 'history of US', 'History', '2021-03-27 00:03:01', 5, '2021-03-27 00:03:01', 5, b'01'),
(150, 33, 5, 5, b'1', '../Members/5/33/Attachements/Attachement_0_240321081316.pdf', b'1', '2021-03-27 00:06:00', b'0000000000000000000000000000000000000000000000000000000000000000', NULL, '3 mistakes of my life', 'History', '2021-03-27 00:06:00', 5, '2021-03-27 00:06:00', 5, b'01'),
(151, 21, 5, 5, b'1', '../Members/5/21/Attachements/Attachement_0_040321054711.pdf', b'1', '2021-03-27 17:01:50', b'0000000000000000000000000000000000000000000000000000000000000000', NULL, 'mobile system', 'IT', '2021-03-27 17:01:50', 5, '2021-03-27 17:01:50', 5, b'01'),
(152, 21, 5, 5, b'1', '../Members/5/21/Attachements/Attachement_1_040321101711.pdf', b'1', '2021-03-27 17:01:50', b'0000000000000000000000000000000000000000000000000000000000000000', NULL, 'mobile system', 'IT', '2021-03-27 17:01:50', 5, '2021-03-27 17:01:50', 5, b'01'),
(153, 10, 5, 6, b'1', '../Members/5/10/Attachements/Attachement_0_040321043600.pdf', b'1', '2021-04-08 12:23:56', b'0000000000000000000000000000000000000000000000000000000000000001', '80.00', 'helloworld program', 'IT', '2021-04-08 12:23:56', 6, '2021-04-08 12:23:56', 6, b'01'),
(154, 10, 5, 6, b'1', '../Members/5/10/Attachements/Attachement_1_040321090601.pdf', b'1', '2021-04-08 12:23:56', b'0000000000000000000000000000000000000000000000000000000000000001', '80.00', 'helloworld program', 'IT', '2021-04-08 12:23:56', 6, '2021-04-08 12:23:56', 6, b'01'),
(155, 10, 5, 6, b'1', '../Members/5/10/Attachements/Attachement_2_040321090601.pdf', b'1', '2021-04-08 12:23:56', b'0000000000000000000000000000000000000000000000000000000000000001', '80.00', 'helloworld program', 'IT', '2021-04-08 12:23:56', 6, '2021-04-08 12:23:56', 6, b'01');

-- --------------------------------------------------------

--
-- Table structure for table `notecategories`
--

CREATE TABLE `notecategories` (
  `ID` int(11) NOT NULL,
  `Name` varchar(100) NOT NULL,
  `Description` varchar(255) NOT NULL,
  `CreatedDate` datetime DEFAULT current_timestamp(),
  `CreatedBy` int(11) DEFAULT NULL,
  `ModifiedDate` datetime DEFAULT current_timestamp(),
  `ModifiedBy` int(11) DEFAULT NULL,
  `IsActive` bit(1) NOT NULL
) ENGINE=InnoDB DEFAULT CHARSET=utf8mb4;

--
-- Dumping data for table `notecategories`
--

INSERT INTO `notecategories` (`ID`, `Name`, `Description`, `CreatedDate`, `CreatedBy`, `ModifiedDate`, `ModifiedBy`, `IsActive`) VALUES
(1, 'Computer science', 'It gives knowledge about computer science.', '2021-03-04 18:04:22', 1, '2021-04-10 10:42:43', 1, b'1'),
(2, 'IT', 'It gives knowledge about IT.', '2021-03-04 18:04:22', 1, '2021-04-10 10:43:19', 1, b'1'),
(3, 'Politics', 'It gives knowledge about politics.', '2021-03-04 18:05:06', 1, '2021-04-10 10:45:07', 1, b'1'),
(4, 'Sports', 'It gives knowledge about sports.', '2021-03-04 18:05:06', 1, '2021-04-10 10:46:04', 1, b'1'),
(5, 'Cooking', 'It gives knowledge about cooking.', '2021-03-04 18:07:04', 1, '2021-04-10 10:46:28', 1, b'1'),
(6, 'History', 'It gives knowledge about history.', '2021-03-04 18:07:04', 1, '2021-04-10 10:46:48', 1, b'1'),
(7, 'Social Media', 'All type of books related to social media.', '2021-04-09 09:52:50', 14, '2021-04-10 10:47:19', 1, b'1');

-- --------------------------------------------------------

--
-- Table structure for table `notetypes`
--

CREATE TABLE `notetypes` (
  `ID` int(11) NOT NULL,
  `Name` varchar(100) NOT NULL,
  `Description` varchar(255) NOT NULL,
  `CreatedDate` datetime DEFAULT current_timestamp(),
  `CreatedBy` int(11) DEFAULT NULL,
  `ModifiedDate` datetime DEFAULT current_timestamp(),
  `ModifiedBy` int(11) DEFAULT NULL,
  `IsActive` bit(1) NOT NULL
) ENGINE=InnoDB DEFAULT CHARSET=utf8mb4;

--
-- Dumping data for table `notetypes`
--

INSERT INTO `notetypes` (`ID`, `Name`, `Description`, `CreatedDate`, `CreatedBy`, `ModifiedDate`, `ModifiedBy`, `IsActive`) VALUES
(1, 'Handwritten notes', 'handwritten note by seller', '2021-03-04 18:13:58', 1, '2021-03-04 18:13:58', 1, b'1'),
(2, 'University notes', 'seller\'s university notes', '2021-03-04 18:13:58', 1, '2021-03-04 18:13:58', 1, b'1'),
(3, 'Novels', 'great novels', '2021-03-04 18:15:42', 1, '2021-03-04 18:15:42', 1, b'1'),
(4, 'Story books', 'interesting story books.', '2021-03-04 18:15:42', 1, '2021-03-04 18:15:42', 1, b'1'),
(5, 'Biography', 'Biographies of legends.', '2021-03-04 18:17:19', 1, '2021-03-04 18:17:19', 1, b'1'),
(6, 'Poetry', 'Awesome books of poetry.', '2021-03-04 18:17:19', 1, '2021-04-10 11:12:23', 1, b'1'),
(7, 'Books in a series', 'Books in series are wonderfull.', '2021-03-04 18:18:09', 1, '2021-03-04 18:18:09', 1, b'1'),
(8, 'Social Media', 'Information about social media.', '2021-04-09 10:08:30', 14, '2021-04-09 10:08:30', 14, b'1'),
(9, 'dsfdsdsf', 'qwqewerewreret', '2021-04-10 11:49:43', 1, '2021-04-10 11:50:15', 1, b'0');

-- --------------------------------------------------------

--
-- Table structure for table `referencedata`
--

CREATE TABLE `referencedata` (
  `ID` int(11) NOT NULL,
  `Value` varchar(100) NOT NULL,
  `Datavalue` varchar(100) NOT NULL,
  `RefCategory` varchar(100) NOT NULL,
  `CreatedDate` datetime DEFAULT current_timestamp(),
  `CreatedBy` int(11) DEFAULT NULL,
  `ModifiedDate` datetime DEFAULT current_timestamp(),
  `ModifiedBy` int(11) DEFAULT NULL,
  `IsActive` bit(1) NOT NULL
) ENGINE=InnoDB DEFAULT CHARSET=utf8mb4;

--
-- Dumping data for table `referencedata`
--

INSERT INTO `referencedata` (`ID`, `Value`, `Datavalue`, `RefCategory`, `CreatedDate`, `CreatedBy`, `ModifiedDate`, `ModifiedBy`, `IsActive`) VALUES
(1, 'Male', 'M', 'Gender', '2021-03-04 18:20:13', 1, '2021-03-04 18:20:13', 1, b'1'),
(2, 'Female', 'Fe', 'Gender', '2021-03-04 18:20:13', 1, '2021-03-04 18:20:13', 1, b'1'),
(3, 'Unknown', 'U', 'Gender', '2021-03-04 18:21:02', 1, '2021-03-04 18:21:02', 1, b'0'),
(4, 'Paid', 'P', 'Selling Mode', '2021-03-04 18:21:02', 1, '2021-03-04 18:21:02', 1, b'1'),
(5, 'Free', 'F', 'Selling Mode', '2021-03-04 18:22:03', 1, '2021-03-04 18:22:03', 1, b'1'),
(6, 'Draft', 'Draft', 'Notes Status', '2021-03-04 18:22:03', 1, '2021-03-04 18:22:03', 1, b'1'),
(7, 'Submit For Review', 'Submit For Review', 'Notes Status', '2021-03-04 18:22:50', 1, '2021-03-04 18:22:50', 1, b'1'),
(8, 'In Review', 'In Review', 'Notes Status', '2021-03-04 18:22:50', 1, '2021-03-04 18:22:50', 1, b'1'),
(9, 'Published', 'Approved', 'Notes Status', '2021-03-04 18:23:38', 1, '2021-03-04 18:23:38', 1, b'1'),
(10, 'Rejected', 'Rejected', 'Notes Status', '2021-03-04 18:23:38', 1, '2021-03-04 18:23:38', 1, b'1'),
(11, 'Removed', 'Removed', 'Notes Status', '2021-03-04 18:23:58', 1, '2021-03-04 18:23:58', 1, b'1');

-- --------------------------------------------------------

--
-- Table structure for table `sellernotes`
--

CREATE TABLE `sellernotes` (
  `ID` int(11) NOT NULL,
  `SellerID` int(11) NOT NULL,
  `Status` int(11) NOT NULL,
  `ActionedBy` int(11) DEFAULT NULL,
  `AdminRemarks` varchar(255) DEFAULT NULL,
  `PublishedDate` datetime DEFAULT NULL,
  `Title` varchar(100) NOT NULL,
  `Category` int(11) NOT NULL,
  `DisplayPicture` varchar(500) DEFAULT NULL,
  `NoteType` int(11) DEFAULT NULL,
  `NumberofPages` int(11) DEFAULT NULL,
  `Description` varchar(255) NOT NULL,
  `UniversityName` varchar(200) DEFAULT NULL,
  `Country` int(11) DEFAULT NULL,
  `Course` varchar(100) DEFAULT NULL,
  `CourseCode` varchar(100) DEFAULT NULL,
  `Professor` varchar(100) DEFAULT NULL,
  `IsPaid` bit(1) NOT NULL,
  `SellingPrice` decimal(10,0) DEFAULT NULL,
  `NotesPreview` varchar(255) DEFAULT NULL,
  `CreatedDate` datetime DEFAULT NULL,
  `CreatedBy` int(11) DEFAULT NULL,
  `ModifiedDate` datetime DEFAULT NULL,
  `ModifiedBy` int(11) DEFAULT NULL,
  `IsActive` bit(1) NOT NULL
) ENGINE=InnoDB DEFAULT CHARSET=utf8mb4;

--
-- Dumping data for table `sellernotes`
--

INSERT INTO `sellernotes` (`ID`, `SellerID`, `Status`, `ActionedBy`, `AdminRemarks`, `PublishedDate`, `Title`, `Category`, `DisplayPicture`, `NoteType`, `NumberofPages`, `Description`, `UniversityName`, `Country`, `Course`, `CourseCode`, `Professor`, `IsPaid`, `SellingPrice`, `NotesPreview`, `CreatedDate`, `CreatedBy`, `ModifiedDate`, `ModifiedBy`, `IsActive`) VALUES
(6, 5, 7, 5, 'best', '2021-03-04 20:56:46', 'programing', 1, 'DP_040321085646.png', 3, 456, 'this is best book', 'GECR', 3, 'cricket', '12', 'jack', b'0', '0', 'Preview_040321085646.pdf', '2021-03-04 20:56:46', 1, '2021-03-04 20:56:46', 1, b'1'),
(7, 5, 7, 5, 'best', '2021-03-04 20:59:27', 'programing in c', 1, 'DP_040321085927.png', 1, 45, 'this is best book for c', 'GEC-gandhinagar', 5, 'programing language', '123', 'kevin', b'1', '12', 'Preview_040321085927.pdf', '2021-03-04 20:59:27', 1, '2021-03-04 20:59:27', 1, b'1'),
(8, 5, 6, 5, 'best', '2021-03-04 21:01:09', 'the cooking', 5, 'DP_040321090109.png', 2, 85, 'best tips for cooking', 'vvp', 7, 'cooking with master', '55', 'piter', b'0', '0', 'Final.pdf', '2021-03-04 21:01:09', 1, '2021-03-04 21:01:09', 1, b'1'),
(9, 5, 9, 5, 'best', '2021-03-04 21:03:54', 'cricket lover', 4, 'DP_040321090355.png', 3, 850, 'cricket master', 'vvg', 9, 'cricket', '99', 'potter', b'1', '65', 'Preview_040321090355.pdf', '2021-03-04 21:03:54', 1, '2021-03-04 21:03:54', 1, b'1'),
(10, 5, 9, 5, 'best', '2021-03-04 21:06:00', 'helloworld program', 2, 'DP_040321090601.png', 7, 650, 'programing series', 'GECR', 9, 'grow up', '9', 'happy', b'1', '80', 'Preview_040321090601.pdf', '2021-03-04 21:06:00', 1, '2021-03-04 21:06:00', 1, b'1'),
(11, 5, 6, 5, 'best', '2021-03-04 21:07:12', 'java programing', 1, 'DP_040321090713.png', 7, 650, 'programing series', 'GECR', 9, 'java', '9', 'happy', b'0', '0', 'Final.pdf', '2021-03-04 21:07:12', 1, '2021-03-04 21:07:12', 1, b'1'),
(12, 5, 6, 5, 'best', '2021-03-04 21:49:13', 'the shivaji', 6, 'computer-science.png', 3, 789, 'life of shivaji.', 'the books', 9, 'arts', '88', 'johny weak', b'0', '0', '', '2021-03-04 21:49:13', 1, '2021-03-04 21:49:13', 1, b'1'),
(13, 5, 6, 5, 'best', '2021-03-04 21:53:09', 'history of india', 6, 'computer-science.png', 4, 78, 'india history', 'the books', 9, 'arts', '88', 'johny weak', b'1', '33', 'Final.pdf', '2021-03-04 21:53:09', 1, '2021-03-04 21:53:09', 1, b'1'),
(14, 5, 9, 5, 'best', '2021-03-04 22:00:56', 'wings of fire', 6, '', 5, 44, 'the best book', 'gp publlication', 9, 'social', '12', 'johny weak', b'1', '33', 'Preview_040321100057.pdf', '2021-03-04 22:00:56', 1, '2021-03-04 22:00:56', 1, b'1'),
(15, 5, 7, 5, 'best', '2021-03-04 22:04:10', 'the maths master', 2, 'DP_040321100410.png', 2, 444, 'the best book', 'gp publlication', 11, 'maths', '14', 'harsh', b'0', '0', 'Preview_040321100410.pdf', '2021-03-04 22:04:10', 1, '2021-03-04 22:04:10', 1, b'1'),
(16, 5, 7, 5, 'best', '2021-03-04 22:07:02', 'the quize', 3, 'DP_040321100703.png', 1, 63, 'good book', 'akta prakashan', 11, 'quize', '78', 'mahesh', b'0', '0', 'Preview_040321100703.pdf', '2021-03-04 22:07:02', 1, '2021-03-04 22:07:02', 1, b'1'),
(17, 5, 7, 5, 'best', '2021-03-04 22:08:31', 'the quize2', 3, 'DP_040321100831.png', 7, 100, 'this is part two', 'akta prakashan', 5, 'quize', '78', 'bhavik', b'1', '456', 'Preview_040321100831.pdf', '2021-03-04 22:08:31', 1, '2021-03-04 22:08:31', 1, b'1'),
(18, 5, 6, 5, 'best', '2021-03-04 22:11:57', 'tha jangal book', 6, 'search6.png', 4, 100, 'this is best book', 'pk college', 12, 'story', '30', 'bravo', b'1', '70', 'Final.pdf', '2021-03-04 22:11:57', 1, '2021-03-04 22:11:57', 1, b'1'),
(19, 5, 9, 5, 'best', '2021-03-04 22:13:01', 'the lion', 4, 'DP_040321101301.png', 3, 1000, 'this is best book', 'jk college', 1, 'social', '33', 'bravo', b'1', '70', 'Preview_040321101301.pdf', '2021-03-04 22:13:01', 1, '2021-03-04 22:13:01', 1, b'1'),
(20, 5, 6, 5, 'best', '2021-03-04 22:15:50', 'computer hardware edit', 3, 'search6.png', 3, 3, 'this is best book', 'jk college', 3, 'computer', '44', 'bravo', b'1', '60', 'Final.pdf', '2021-03-04 22:15:50', 1, '2021-03-04 22:15:50', 1, b'1'),
(21, 5, 9, 5, 'best', '2021-03-04 22:17:11', 'mobile system', 2, 'DP_040321101711.png', 2, 845, 'this is best book', 'hogwards', 10, 'computer', '397', 'piter', b'0', '0', 'Preview_040321101711.pdf', '2021-03-04 22:17:11', 1, '2021-03-04 22:17:11', 1, b'1'),
(22, 5, 9, 5, 'best', '2021-03-04 22:19:03', 'machine instuments', 2, 'DP_040321101904.png', 7, 84, 'this is best .', 'hawards', 4, 'mechenical', '11', 'potter', b'1', '89', 'Preview_040321101904.pdf', '2021-03-04 22:19:03', 1, '2021-03-04 22:19:03', 1, b'1'),
(23, 5, 11, 14, 'inappropriate content.', '2000-12-29 10:00:00', 'network logic', 2, 'DP_040321102245.png', 1, 78, 'this good book', 'ford college.', 8, 'E.C.', '80', 'lalu', b'1', '789', 'Preview_040321102245.pdf', '2021-03-04 22:22:45', 1, '2021-03-04 22:22:45', 1, b'0'),
(24, 5, 9, 5, 'best', '2021-03-04 22:23:26', 'network logic2', 2, 'DP_040321102326.png', 1, 780, 'this good book', 'ford college.', 12, 'E.C.', '80', 'lalu', b'1', '78', 'Preview_040321102326.pdf', '2021-03-04 22:23:26', 1, '2021-03-04 22:23:26', 1, b'1'),
(25, 5, 9, 5, 'best', '2021-03-04 22:24:51', 'history of US', 6, 'DP_040321102451.png', 5, 65, 'this good book.', 'kp Publication', 12, 'history', '97', 'hobs', b'0', '0', 'Preview_040321102451.pdf', '2021-03-04 22:24:51', 1, '2021-03-04 22:24:51', 1, b'1'),
(26, 5, 9, 5, 'best', '2021-03-04 22:26:46', 'land of egypt', 3, 'DP_040321102646.png', 4, 445, 'wonderfull', 'EG wherehouse.', 6, 'geometry', '22', 'mummy', b'0', '0', 'Preview_040321102646.pdf', '2021-03-04 22:26:46', 1, '2021-03-04 22:26:46', 1, b'1'),
(27, 5, 9, 5, 'best', '0000-00-00 00:00:00', 'the avengers', 4, 'DP_040321102842.png', 3, 698, 'best.', 'the avenger group.', 3, 'magazin', '44', 'caption', b'1', '13', 'Preview_040321102842.pdf', '2021-03-04 22:28:42', 1, '2021-03-04 22:28:42', 1, b'1'),
(28, 5, 11, 14, 'this is wrong book', '2021-03-04 22:29:32', 'the avengers part 2', 3, 'DP_040321102932.png', 5, 852, 'best.', 'the avenger group.', 10, 'magazin', '44', 'caption', b'1', '130', 'Preview_040321102932.pdf', '2021-03-04 22:29:32', 1, '2021-03-04 22:29:32', 1, b'0'),
(29, 5, 9, 14, 'best', '2021-04-07 12:21:46', 'the bhagvat gita', 6, 'DP_040321103115.png', 7, 400, 'best.', 'krishna publication', 9, 'life', '1600', 'madhav', b'1', '45', 'Preview_040321103115.pdf', '2021-03-04 22:31:15', 1, '2021-03-04 22:31:15', 1, b'1'),
(30, 5, 8, 14, 'best', '2021-03-04 22:33:08', 'space secrate', 1, 'DP_040321103308.png', 7, 1500, 'good.', 'jp publication', 9, 'space', '357', 'akshay', b'1', '1300', 'Preview_040321103308.pdf', '2021-03-04 22:33:08', 1, '2021-04-07 12:38:23', 14, b'1'),
(31, 5, 9, 14, 'not acceptable.', '2021-04-08 09:16:15', 'naruto', 4, 'DP_210321063034.png', 3, 550, 'this is best comic book', 'the books', 10, 'the fun', '4567', 'mr. devil', b'1', '450', 'Preview_210321063034.pdf', '2021-03-21 18:30:33', 1, '2021-04-07 13:28:23', 14, b'1'),
(32, 5, 10, 14, 'inappropriate content.', '2021-03-24 12:36:03', 'head first java', 2, 'DP_240321123603.png', 1, 410, 'this book is for beginners of java programing.', 'bvm', 11, 'B.tech', '8521', 'Mr.jeet', b'1', '250', 'Preview_240321123603.pdf', '2021-03-24 12:36:03', 1, '2021-03-24 12:36:03', 1, b'1'),
(33, 5, 10, 14, 'inappropriate content.', '2021-03-24 12:43:16', '3 mistakes of my life', 6, 'DP_240321124316.png', 3, 1000, 'main 3 mistake of my life.', 'iit-bombay', 9, 'arts', '7532', 'Mr.bean', b'0', '0', 'Preview_240321124316.pdf', '2021-03-24 12:43:16', 1, '2021-03-24 12:43:16', 1, b'1'),
(34, 5, 10, 14, 'inappropriate content.', '2021-03-24 12:45:59', 'rich dad poor dad', 5, 'DP_240321124559.png', 7, 120, 'this is the best book for cooking.', 'ddu', 6, 'commerce', '1598', 'ben10', b'1', '350', 'Preview_240321124559.pdf', '2021-03-24 12:45:59', 1, '2021-03-24 12:45:59', 1, b'1'),
(35, 5, 10, 14, 'inappropriate content.', '2021-03-24 12:49:13', 'the alchemist', 3, 'DP_240321124913.png', 5, 550, 'follow your dream.', 'MI', 3, 'mechenical', '45692', 'Mr.peeter', b'0', '0', '', '2021-03-24 12:49:13', 1, '2021-03-24 12:49:13', 1, b'1'),
(36, 5, 10, 14, 'inappropriate content.', '2021-03-24 13:15:50', 'annabel', 1, 'DP_240321011550.png', 6, 654, 'the scariest book ever.', 'the ghost', 2, 'social', '1973', 'mr. devil', b'1', '80', 'Preview_240321011550.pdf', '2021-03-24 13:15:50', 1, '2021-03-24 13:15:50', 1, b'1'),
(37, 5, 10, 14, 'inappropriate content.', '2021-03-24 13:26:30', 'one night at the call center', 4, 'DP_240321012630.png', 2, 120, 'the scariest night ever.', 'marvel', 5, 'call center', '8246', 'miss.sizuka', b'0', '0', 'Preview_240321012630.pdf', '2021-03-24 13:26:30', 1, '2021-03-24 13:26:30', 1, b'1'),
(38, 5, 10, 14, 'inappropriate content.', '2021-03-24 13:29:42', 'the chronicals of narnia', 4, 'DP_240321012942.png', 4, 555, 'the best story ever.', 'the lion', 8, 'rules of jungle', '7391', 'mowgli', b'1', '2', 'Preview_240321012942.pdf', '2021-03-24 13:29:42', 1, '2021-03-24 13:29:42', 1, b'1'),
(39, 5, 10, 14, 'inappropriate content.', '2021-03-24 13:32:51', 'the vampire diary', 2, 'DP_240321013251.png', 1, 753, 'previously on vampire diaries.', 'the demon', 10, 'nursing', '001346', 'kethrin', b'1', '105', 'Preview_240321013251.pdf', '2021-03-24 13:32:51', 1, '2021-03-24 13:32:51', 1, b'1'),
(40, 5, 10, 14, 'inappropriate content.', '2021-03-24 13:35:30', 'death note', 1, 'DP_240321013530.png', 3, 159, 'death', 'the books', 4, 'law', '338844', 'death stroc', b'0', '0', 'Preview_240321013530.pdf', '2021-03-24 13:35:30', 1, '2021-03-24 13:35:30', 1, b'1'),
(41, 5, 10, 14, 'inappropriate content.', '2021-03-24 13:38:38', 'data mining', 6, 'DP_240321013838.png', 5, 485, 'data is very important.', 'cvm', 12, 'data analysis', '79125', 'oggy', b'0', '0', 'Preview_240321013838.pdf', '2021-03-24 13:38:38', 1, '2021-03-24 13:38:38', 1, b'1'),
(42, 5, 10, 14, 'inappropriate content.', '2021-03-24 13:41:22', 'sensor tech.', 5, 'DP_240321014122.png', 7, 765, 'this is the best.', 'hawards', 8, 'electronics', '2912', 'miss.sapna', b'1', '40', 'Preview_240321014122.pdf', '2021-03-24 13:41:22', 1, '2021-03-24 13:41:22', 1, b'1'),
(43, 5, 10, 14, 'inappropriate content.', '2021-03-24 13:46:58', 'game of throns', 4, 'DP_240321014658.png', 6, 978, 'fantastic book.', 'bjp', 9, 'politics', '75360', 'mr.mehta', b'1', '69', 'Preview_240321014658.pdf', '2021-03-24 13:46:58', 1, '2021-03-24 13:46:58', 1, b'1'),
(44, 6, 6, 6, 'best', '2021-03-24 21:18:10', 'hot seat', 5, 'DP_240321091810.png', 1, 60, 'hard won lessons in challenging times.', 'tenet', 1, 'arts', '123', 'jeff immelt', b'1', '490', 'Preview_240321091810.pdf', '2021-03-24 21:18:10', 1, '2021-03-24 21:18:10', 1, b'1'),
(45, 6, 6, 6, 'best', '2021-03-24 21:20:54', 'the richest man in babylon', 6, 'DP_240321092054.png', 2, 250, 'hard won lessons in challenging times.', 'the books', 2, 'story telling', '45678', 'Mr.george', b'1', '49', 'Preview_240321092054.pdf', '2021-03-24 21:20:54', 1, '2021-03-24 21:20:54', 1, b'1'),
(46, 6, 9, 6, 'best', '2021-03-24 21:24:11', 'think like a monk', 4, 'DP_240321092412.png', 3, 460, 'the secret of how to harness the power of positivity and be happy now.', 'kindle edition', 3, 'literature', '75384', 'jay shetty', b'0', '0', 'Preview_240321092412.pdf', '2021-03-24 21:24:11', 1, '2021-03-24 21:24:11', 1, b'1'),
(47, 6, 9, 6, 'best', '2021-03-24 21:25:32', 'the psychology of money', 3, 'DP_240321092532.png', 5, 800, 'the secret of how to harness .', 'kindle edition', 4, 'commerce', '48965', 'morgen', b'0', '0', 'Preview_240321092532.pdf', '2021-03-24 21:25:32', 1, '2021-03-24 21:25:32', 1, b'1'),
(48, 6, 9, 6, 'best', '2021-03-24 21:28:03', 'the wealth of nations', 1, 'DP_240321092804.png', 6, 465, 'wealth is very important.', 'audio book', 5, 'commerce', '20520', 'adem smith', b'1', '95', 'Preview_240321092804.pdf', '2021-03-24 21:28:03', 1, '2021-03-24 21:28:03', 1, b'1'),
(49, 6, 9, 6, 'best', '2021-03-24 21:30:22', 'think and grow rich', 2, 'DP_240321093022.png', 7, 567, 'wealth is very important.', 'audio book', 6, 'human psychology', '85201', 'nepolian hil', b'1', '66', 'Preview_240321093022.pdf', '2021-03-24 21:30:22', 1, '2021-03-24 21:30:22', 1, b'1'),
(50, 6, 9, 6, 'best', '2021-03-24 21:41:11', 'you only leave once', 5, 'DP_240321094112.png', 6, 43, 'one for pesion two love......', 'jk college', 7, 'cooking', '8520', 'nepolian ', b'1', '30', 'Preview_240321094112.pdf', '2021-03-24 21:41:11', 1, '2021-03-24 21:41:11', 1, b'1'),
(51, 6, 9, 6, 'best', '2021-03-24 21:43:19', 'the blue umbrella', 6, 'DP_240321094319.png', 5, 120, 'this is best book.', 'tenet', 8, 'B.E.', '9546', 'jams bond', b'0', '0', 'Preview_240321094319.pdf', '2021-03-24 21:43:19', 1, '2021-03-24 21:43:19', 1, b'1'),
(52, 6, 9, 6, 'best', '2021-03-24 21:44:50', 'the art of war', 3, 'DP_240321094451.png', 4, 600, 'this is best book.', 'bvm', 9, 'self defance', '3210', 'sun tzu', b'1', '70', 'Preview_240321094451.pdf', '2021-03-24 21:44:50', 1, '2021-03-24 21:44:50', 1, b'1'),
(53, 6, 9, 6, 'best', '2021-03-24 21:46:23', 'romio and juliat', 4, 'DP_240321094623.png', 3, 400, 'this is best love story.', 'krishna publication', 10, 'love', '75369', 'sun tzu', b'0', '0', 'Preview_240321094623.pdf', '2021-03-24 21:46:23', 1, '2021-03-24 21:46:23', 1, b'1'),
(54, 6, 9, 6, 'best', '2021-03-24 21:48:15', 'one indian girl', 5, 'DP_240321094815.png', 2, 654, 'this is best love story.', 'kp Publication', 11, 'literature', '8564', 'chaten bhagat', b'1', '50', 'Preview_240321094815.pdf', '2021-03-24 21:48:15', 1, '2021-03-24 21:48:15', 1, b'1'),
(55, 6, 9, 6, 'best', '2021-03-24 21:49:37', 'the time machine', 1, 'DP_240321094937.png', 1, 420, 'all about time.', 'hogwards', 12, 'future technology', '52031', 'Dr. wells', b'1', '500', 'Preview_240321094937.pdf', '2021-03-24 21:49:37', 1, '2021-03-24 21:49:37', 1, b'1'),
(56, 6, 9, 6, 'best', '2021-03-24 21:51:29', 'nothing lasts forever', 6, 'DP_240321095129.png', 3, 120, 'this is best book.', 'ha', 5, 'future technology', '52031', 'Dr. wells', b'1', '500', 'Preview_240321095129.pdf', '2021-03-24 21:51:29', 1, '2021-03-24 21:51:29', 1, b'1'),
(57, 6, 9, 6, 'best', '2021-03-24 21:52:27', 'nothing lasts forever', 6, 'DP_240321095227.png', 3, 120, 'this is best book.', 'hawards', 5, 'data analysis', '7562', 'death stroc', b'1', '78', 'Preview_240321095227.pdf', '2021-03-24 21:52:27', 1, '2021-03-24 21:52:27', 1, b'1'),
(58, 6, 9, 6, 'best', '2021-03-24 21:53:55', 'the guardians', 4, 'DP_240321095355.png', 4, 565, 'this is best book.', 'GECR', 7, 'social', '44444', 'john cena', b'0', '0', 'Preview_240321095355.pdf', '2021-03-24 21:53:55', 1, '2021-03-24 21:53:55', 1, b'1'),
(59, 6, 9, 6, 'best', '2021-03-24 21:55:05', 'just missed', 2, 'DP_240321095505.png', 6, 300, 'this is best book.', 'gp publlication', 8, 'space', '95101', 'Mr.himanshu ', b'1', '78', 'Preview_240321095505.pdf', '2021-03-24 21:55:05', 1, '2021-03-24 21:55:05', 1, b'1'),
(60, 6, 6, 6, 'best', '2021-03-24 21:57:32', 'internet of things', 1, 'DP_240321095732.png', 7, 350, 'architecture and design principles. ', 'ddu', 9, 'IOT', '12364', 'Dr.kalam', b'1', '408', 'Preview_240321095732.pdf', '2021-03-24 21:57:32', 1, '2021-03-24 21:57:32', 1, b'1');

-- --------------------------------------------------------

--
-- Table structure for table `sellernotesattachements`
--

CREATE TABLE `sellernotesattachements` (
  `ID` int(11) NOT NULL,
  `NoteID` int(11) NOT NULL,
  `FileName` varchar(100) NOT NULL,
  `FilePath` varchar(255) NOT NULL,
  `CreatedDate` datetime DEFAULT NULL,
  `CreatedBy` int(11) DEFAULT NULL,
  `ModifiedDate` datetime DEFAULT NULL,
  `ModifiedBy` int(11) DEFAULT NULL,
  `IsActive` bit(1) NOT NULL
) ENGINE=InnoDB DEFAULT CHARSET=utf8mb4;

--
-- Dumping data for table `sellernotesattachements`
--

INSERT INTO `sellernotesattachements` (`ID`, `NoteID`, `FileName`, `FilePath`, `CreatedDate`, `CreatedBy`, `ModifiedDate`, `ModifiedBy`, `IsActive`) VALUES
(9, 6, 'Attachement_0_040321042646.pdf', '../Members/5/6/Attachements/Attachement_0_040321042646.pdf', '2021-03-04 20:56:46', 1, '2021-03-04 20:56:46', 1, b'1'),
(10, 7, 'Attachement_0_040321042927.pdf', '../Members/5/7/Attachements/Attachement_0_040321042927.pdf', '2021-03-04 20:59:27', 1, '2021-03-04 20:59:27', 1, b'1'),
(11, 8, 'Attachement_0_040321043109.pdf', '../Members/5/8/Attachements/Attachement_0_040321043109.pdf', '2021-03-04 21:01:09', 1, '2021-03-04 21:01:09', 1, b'1'),
(12, 9, 'Attachement_0_040321043355.pdf', '../Members/5/9/Attachements/Attachement_0_040321043355.pdf', '2021-03-04 21:03:55', 1, '2021-03-04 21:03:55', 1, b'1'),
(13, 9, 'Attachement_1_040321090355.pdf', '../Members/5/9/Attachements/Attachement_1_040321090355.pdf', '2021-03-04 21:03:55', 1, '2021-03-04 21:03:55', 1, b'1'),
(14, 10, 'Attachement_0_040321043600.pdf', '../Members/5/10/Attachements/Attachement_0_040321043600.pdf', '2021-03-04 21:06:00', 1, '2021-03-04 21:06:00', 1, b'1'),
(15, 10, 'Attachement_1_040321090601.pdf', '../Members/5/10/Attachements/Attachement_1_040321090601.pdf', '2021-03-04 21:06:01', 1, '2021-03-04 21:06:01', 1, b'1'),
(16, 10, 'Attachement_2_040321090601.pdf', '../Members/5/10/Attachements/Attachement_2_040321090601.pdf', '2021-03-04 21:06:01', 1, '2021-03-04 21:06:01', 1, b'1'),
(17, 11, 'Attachement_0_040321043712.pdf', '../Members/5/11/Attachements/Attachement_0_040321043712.pdf', '2021-03-04 21:07:12', 1, '2021-03-04 21:07:12', 1, b'1'),
(18, 11, 'Attachement_1_040321090712.pdf', '../Members/5/11/Attachements/Attachement_1_040321090712.pdf', '2021-03-04 21:07:12', 1, '2021-03-04 21:07:12', 1, b'1'),
(19, 11, 'Attachement_2_040321090713.pdf', '../Members/5/11/Attachements/Attachement_2_040321090713.pdf', '2021-03-04 21:07:13', 1, '2021-03-04 21:07:13', 1, b'1'),
(20, 12, 'Attachement_0_040321051913.pdf', '../Members/5/12/Attachements/Attachement_0_040321051913.pdf', '2021-03-04 21:49:13', 1, '2021-03-04 21:49:13', 1, b'1'),
(21, 13, 'Attachement_0_040321052309.pdf', '../Members/5/13/Attachements/Attachement_0_040321052309.pdf', '2021-03-04 21:53:09', 1, '2021-03-04 21:53:09', 1, b'1'),
(22, 13, 'Attachement_1_040321095309.pdf', '../Members/5/13/Attachements/Attachement_1_040321095309.pdf', '2021-03-04 21:53:09', 1, '2021-03-04 21:53:09', 1, b'1'),
(23, 14, 'Attachement_0_040321053057.pdf', '../Members/5/14/Attachements/Attachement_0_040321053057.pdf', '2021-03-04 22:00:57', 1, '2021-03-04 22:00:57', 1, b'1'),
(24, 15, 'Attachement_0_040321053410.pdf', '../Members/5/15/Attachements/Attachement_0_040321053410.pdf', '2021-03-04 22:04:10', 1, '2021-03-04 22:04:10', 1, b'1'),
(25, 16, 'Attachement_0_040321053702.pdf', '../Members/5/16/Attachements/Attachement_0_040321053702.pdf', '2021-03-04 22:07:02', 1, '2021-03-04 22:07:02', 1, b'1'),
(26, 17, 'Attachement_0_040321053831.pdf', '../Members/5/17/Attachements/Attachement_0_040321053831.pdf', '2021-03-04 22:08:31', 1, '2021-03-04 22:08:31', 1, b'1'),
(27, 17, 'Attachement_1_040321100831.pdf', '../Members/5/17/Attachements/Attachement_1_040321100831.pdf', '2021-03-04 22:08:31', 1, '2021-03-04 22:08:31', 1, b'1'),
(28, 18, 'Attachement_0_040321054157.pdf', '../Members/5/18/Attachements/Attachement_0_040321054157.pdf', '2021-03-04 22:11:57', 1, '2021-03-04 22:11:57', 1, b'1'),
(29, 18, 'Attachement_1_040321101157.pdf', '../Members/5/18/Attachements/Attachement_1_040321101157.pdf', '2021-03-04 22:11:57', 1, '2021-03-04 22:11:57', 1, b'1'),
(30, 19, 'Attachement_0_040321054301.pdf', '../Members/5/19/Attachements/Attachement_0_040321054301.pdf', '2021-03-04 22:13:01', 1, '2021-03-04 22:13:01', 1, b'1'),
(31, 19, 'Attachement_1_040321101301.pdf', '../Members/5/19/Attachements/Attachement_1_040321101301.pdf', '2021-03-04 22:13:01', 1, '2021-03-04 22:13:01', 1, b'1'),
(32, 20, 'Attachement_0_040321054550.pdf', '../Members/5/20/Attachements/Attachement_0_040321054550.pdf', '2021-03-04 22:15:50', 1, '2021-03-04 22:15:50', 1, b'1'),
(33, 20, 'Attachement_1_040321101550.pdf', '../Members/5/20/Attachements/Attachement_1_040321101550.pdf', '2021-03-04 22:15:50', 1, '2021-03-04 22:15:50', 1, b'1'),
(34, 21, 'Attachement_0_040321054711.pdf', '../Members/5/21/Attachements/Attachement_0_040321054711.pdf', '2021-03-04 22:17:11', 1, '2021-03-04 22:17:11', 1, b'1'),
(35, 21, 'Attachement_1_040321101711.pdf', '../Members/5/21/Attachements/Attachement_1_040321101711.pdf', '2021-03-04 22:17:11', 1, '2021-03-04 22:17:11', 1, b'1'),
(36, 22, 'Attachement_0_040321054904.pdf', '../Members/5/22/Attachements/Attachement_0_040321054904.pdf', '2021-03-04 22:19:04', 1, '2021-03-04 22:19:04', 1, b'1'),
(37, 23, 'Attachement_0_040321055245.pdf', '../Members/5/23/Attachements/Attachement_0_040321055245.pdf', '2021-03-04 22:22:45', 1, '2021-03-04 22:22:45', 1, b'0'),
(38, 24, 'Attachement_0_040321055326.pdf', '../Members/5/24/Attachements/Attachement_0_040321055326.pdf', '2021-03-04 22:23:26', 1, '2021-03-04 22:23:26', 1, b'1'),
(39, 25, 'Attachement_0_040321055451.pdf', '../Members/5/25/Attachements/Attachement_0_040321055451.pdf', '2021-03-04 22:24:51', 1, '2021-03-04 22:24:51', 1, b'1'),
(40, 25, 'Attachement_1_040321102451.pdf', '../Members/5/25/Attachements/Attachement_1_040321102451.pdf', '2021-03-04 22:24:51', 1, '2021-03-04 22:24:51', 1, b'1'),
(41, 26, 'Attachement_0_040321055646.pdf', '../Members/5/26/Attachements/Attachement_0_040321055646.pdf', '2021-03-04 22:26:46', 1, '2021-03-04 22:26:46', 1, b'1'),
(42, 26, 'Attachement_1_040321102646.pdf', '../Members/5/26/Attachements/Attachement_1_040321102646.pdf', '2021-03-04 22:26:46', 1, '2021-03-04 22:26:46', 1, b'1'),
(43, 27, 'Attachement_0_040321055842.pdf', '../Members/5/27/Attachements/Attachement_0_040321055842.pdf', '2021-03-04 22:28:42', 1, '2021-03-04 22:28:42', 1, b'1'),
(44, 27, 'Attachement_1_040321102842.pdf', '../Members/5/27/Attachements/Attachement_1_040321102842.pdf', '2021-03-04 22:28:42', 1, '2021-03-04 22:28:42', 1, b'1'),
(45, 27, 'Attachement_2_040321102842.pdf', '../Members/5/27/Attachements/Attachement_2_040321102842.pdf', '2021-03-04 22:28:42', 1, '2021-03-04 22:28:42', 1, b'1'),
(46, 28, 'Attachement_0_040321055932.pdf', '../Members/5/28/Attachements/Attachement_0_040321055932.pdf', '2021-03-04 22:29:32', 1, '2021-03-04 22:29:32', 1, b'0'),
(47, 28, 'Attachement_1_040321102932.pdf', '../Members/5/28/Attachements/Attachement_1_040321102932.pdf', '2021-03-04 22:29:32', 1, '2021-03-04 22:29:32', 1, b'0'),
(48, 28, 'Attachement_2_040321102932.pdf', '../Members/5/28/Attachements/Attachement_2_040321102932.pdf', '2021-03-04 22:29:32', 1, '2021-03-04 22:29:32', 1, b'0'),
(49, 29, 'Attachement_0_040321060115.pdf', '../Members/5/29/Attachements/Attachement_0_040321060115.pdf', '2021-03-04 22:31:15', 1, '2021-03-04 22:31:15', 1, b'1'),
(50, 30, 'Attachement_0_040321060308.pdf', '../Members/5/30/Attachements/Attachement_0_040321060308.pdf', '2021-03-04 22:33:08', 1, '2021-03-04 22:33:08', 1, b'1'),
(51, 31, 'Attachement_0_210321020033.pdf', '../Members/5/31/Attachements/Attachement_0_210321020033.pdf', '2021-03-21 18:30:33', 1, '2021-03-21 18:30:33', 1, b'1'),
(52, 32, 'Attachement_0_240321080603.pdf', '../Members/5/32/Attachements/Attachement_0_240321080603.pdf', '2021-03-24 12:36:03', 1, '2021-03-24 12:36:03', 1, b'1'),
(53, 33, 'Attachement_0_240321081316.pdf', '../Members/5/33/Attachements/Attachement_0_240321081316.pdf', '2021-03-24 12:43:16', 1, '2021-03-24 12:43:16', 1, b'1'),
(54, 34, 'Attachement_0_240321081559.pdf', '../Members/5/34/Attachements/Attachement_0_240321081559.pdf', '2021-03-24 12:45:59', 1, '2021-03-24 12:45:59', 1, b'1'),
(55, 34, 'Attachement_1_240321124559.pdf', '../Members/5/34/Attachements/Attachement_1_240321124559.pdf', '2021-03-24 12:45:59', 1, '2021-03-24 12:45:59', 1, b'1'),
(56, 35, 'Attachement_0_240321081913.pdf', '../Members/5/35/Attachements/Attachement_0_240321081913.pdf', '2021-03-24 12:49:13', 1, '2021-03-24 12:49:13', 1, b'1'),
(57, 35, 'Attachement_1_240321124913.pdf', '../Members/5/35/Attachements/Attachement_1_240321124913.pdf', '2021-03-24 12:49:13', 1, '2021-03-24 12:49:13', 1, b'1'),
(58, 36, 'Attachement_0_240321084550.pdf', '../Members/5/36/Attachements/Attachement_0_240321084550.pdf', '2021-03-24 13:15:50', 1, '2021-03-24 13:15:50', 1, b'1'),
(59, 37, 'Attachement_0_240321085630.pdf', '../Members/5/37/Attachements/Attachement_0_240321085630.pdf', '2021-03-24 13:26:30', 1, '2021-03-24 13:26:30', 1, b'1'),
(60, 38, 'Attachement_0_240321085942.pdf', '../Members/5/38/Attachements/Attachement_0_240321085942.pdf', '2021-03-24 13:29:42', 1, '2021-03-24 13:29:42', 1, b'1'),
(61, 39, 'Attachement_0_240321090251.pdf', '../Members/5/39/Attachements/Attachement_0_240321090251.pdf', '2021-03-24 13:32:51', 1, '2021-03-24 13:32:51', 1, b'1'),
(62, 39, 'Attachement_1_240321013251.pdf', '../Members/5/39/Attachements/Attachement_1_240321013251.pdf', '2021-03-24 13:32:51', 1, '2021-03-24 13:32:51', 1, b'1'),
(63, 40, 'Attachement_0_240321090530.pdf', '../Members/5/40/Attachements/Attachement_0_240321090530.pdf', '2021-03-24 13:35:30', 1, '2021-03-24 13:35:30', 1, b'1'),
(64, 40, 'Attachement_1_240321013530.pdf', '../Members/5/40/Attachements/Attachement_1_240321013530.pdf', '2021-03-24 13:35:30', 1, '2021-03-24 13:35:30', 1, b'1'),
(65, 41, 'Attachement_0_240321090838.pdf', '../Members/5/41/Attachements/Attachement_0_240321090838.pdf', '2021-03-24 13:38:38', 1, '2021-03-24 13:38:38', 1, b'1'),
(66, 42, 'Attachement_0_240321091122.pdf', '../Members/5/42/Attachements/Attachement_0_240321091122.pdf', '2021-03-24 13:41:22', 1, '2021-03-24 13:41:22', 1, b'1'),
(67, 43, 'Attachement_0_240321091658.pdf', '../Members/5/43/Attachements/Attachement_0_240321091658.pdf', '2021-03-24 13:46:58', 1, '2021-03-24 13:46:58', 1, b'1'),
(68, 44, 'Attachement_0_240321044810.pdf', '../Members/6/44/Attachements/Attachement_0_240321044810.pdf', '2021-03-24 21:18:10', 1, '2021-03-24 21:18:10', 1, b'1'),
(69, 45, 'Attachement_0_240321045054.pdf', '../Members/6/45/Attachements/Attachement_0_240321045054.pdf', '2021-03-24 21:20:54', 1, '2021-03-24 21:20:54', 1, b'1'),
(70, 46, 'Attachement_0_240321045412.pdf', '../Members/6/46/Attachements/Attachement_0_240321045412.pdf', '2021-03-24 21:24:12', 1, '2021-03-24 21:24:12', 1, b'1'),
(71, 47, 'Attachement_0_240321045532.pdf', '../Members/6/47/Attachements/Attachement_0_240321045532.pdf', '2021-03-24 21:25:32', 1, '2021-03-24 21:25:32', 1, b'1'),
(72, 48, 'Attachement_0_240321045803.pdf', '../Members/6/48/Attachements/Attachement_0_240321045803.pdf', '2021-03-24 21:28:03', 1, '2021-03-24 21:28:03', 1, b'1'),
(73, 48, 'Attachement_1_240321092804.pdf', '../Members/6/48/Attachements/Attachement_1_240321092804.pdf', '2021-03-24 21:28:04', 1, '2021-03-24 21:28:04', 1, b'1'),
(74, 49, 'Attachement_0_240321050022.pdf', '../Members/6/49/Attachements/Attachement_0_240321050022.pdf', '2021-03-24 21:30:22', 1, '2021-03-24 21:30:22', 1, b'1'),
(75, 49, 'Attachement_1_240321093022.pdf', '../Members/6/49/Attachements/Attachement_1_240321093022.pdf', '2021-03-24 21:30:22', 1, '2021-03-24 21:30:22', 1, b'1'),
(76, 50, 'Attachement_0_240321051111.pdf', '../Members/6/50/Attachements/Attachement_0_240321051111.pdf', '2021-03-24 21:41:11', 1, '2021-03-24 21:41:11', 1, b'1'),
(77, 50, 'Attachement_1_240321094112.pdf', '../Members/6/50/Attachements/Attachement_1_240321094112.pdf', '2021-03-24 21:41:12', 1, '2021-03-24 21:41:12', 1, b'1'),
(78, 51, 'Attachement_0_240321051319.pdf', '../Members/6/51/Attachements/Attachement_0_240321051319.pdf', '2021-03-24 21:43:19', 1, '2021-03-24 21:43:19', 1, b'1'),
(79, 52, 'Attachement_0_240321051450.pdf', '../Members/6/52/Attachements/Attachement_0_240321051450.pdf', '2021-03-24 21:44:50', 1, '2021-03-24 21:44:50', 1, b'1'),
(80, 53, 'Attachement_0_240321051623.pdf', '../Members/6/53/Attachements/Attachement_0_240321051623.pdf', '2021-03-24 21:46:23', 1, '2021-03-24 21:46:23', 1, b'1'),
(81, 54, 'Attachement_0_240321051815.pdf', '../Members/6/54/Attachements/Attachement_0_240321051815.pdf', '2021-03-24 21:48:15', 1, '2021-03-24 21:48:15', 1, b'1'),
(82, 55, 'Attachement_0_240321051937.pdf', '../Members/6/55/Attachements/Attachement_0_240321051937.pdf', '2021-03-24 21:49:37', 1, '2021-03-24 21:49:37', 1, b'1'),
(83, 56, 'Attachement_0_240321052129.pdf', '../Members/6/56/Attachements/Attachement_0_240321052129.pdf', '2021-03-24 21:51:29', 1, '2021-03-24 21:51:29', 1, b'1'),
(84, 57, 'Attachement_0_240321052227.pdf', '../Members/6/57/Attachements/Attachement_0_240321052227.pdf', '2021-03-24 21:52:27', 1, '2021-03-24 21:52:27', 1, b'1'),
(85, 58, 'Attachement_0_240321052355.pdf', '../Members/6/58/Attachements/Attachement_0_240321052355.pdf', '2021-03-24 21:53:55', 1, '2021-03-24 21:53:55', 1, b'1'),
(86, 59, 'Attachement_0_240321052505.pdf', '../Members/6/59/Attachements/Attachement_0_240321052505.pdf', '2021-03-24 21:55:05', 1, '2021-03-24 21:55:05', 1, b'1'),
(87, 60, 'Attachement_0_240321052732.pdf', '../Members/6/60/Attachements/Attachement_0_240321052732.pdf', '2021-03-24 21:57:32', 1, '2021-03-24 21:57:32', 1, b'1');

-- --------------------------------------------------------

--
-- Table structure for table `sellernotesreportedissues`
--

CREATE TABLE `sellernotesreportedissues` (
  `ID` int(11) NOT NULL,
  `NoteID` int(11) NOT NULL,
  `ReportedByID` int(11) NOT NULL,
  `AgainstDownloadID` int(11) NOT NULL,
  `Remarks` varchar(255) NOT NULL,
  `CreatedDate` datetime DEFAULT NULL,
  `CreatedBy` int(11) DEFAULT NULL,
  `ModifiedDate` datetime DEFAULT NULL,
  `ModifiedBy` int(11) DEFAULT NULL,
  `IsActive` bit(2) NOT NULL DEFAULT b'1'
) ENGINE=InnoDB DEFAULT CHARSET=utf8mb4;

--
-- Dumping data for table `sellernotesreportedissues`
--

INSERT INTO `sellernotesreportedissues` (`ID`, `NoteID`, `ReportedByID`, `AgainstDownloadID`, `Remarks`, `CreatedDate`, `CreatedBy`, `ModifiedDate`, `ModifiedBy`, `IsActive`) VALUES
(2, 51, 9, 114, 'inappropriate content', '2021-04-09 10:29:26', 9, '2021-04-09 10:29:26', 9, b'01'),
(3, 25, 9, 104, 'worst.', '2021-04-09 10:30:03', 9, '2021-04-09 10:30:03', 9, b'01'),
(4, 51, 10, 132, 'Not so good.', '2021-04-09 10:31:16', 10, '2021-04-09 10:31:16', 10, b'01'),
(5, 52, 10, 122, 'Very bad.', '2021-04-09 10:32:02', 10, '2021-04-09 10:32:02', 10, b'01'),
(6, 26, 10, 125, 'Inappropriate content.', '2021-04-09 10:32:36', 10, '2021-04-09 10:32:36', 10, b'01');

-- --------------------------------------------------------

--
-- Table structure for table `sellernotesreviews`
--

CREATE TABLE `sellernotesreviews` (
  `ID` int(11) NOT NULL,
  `NoteID` int(11) NOT NULL,
  `ReviewedByID` int(11) NOT NULL,
  `AgainstDownloadsID` int(11) NOT NULL,
  `Ratings` decimal(10,2) NOT NULL,
  `Comments` varchar(255) NOT NULL,
  `CreatedDate` datetime DEFAULT NULL,
  `CreatedBy` int(11) DEFAULT NULL,
  `ModifiedDate` datetime DEFAULT NULL,
  `ModifiedBy` int(11) DEFAULT NULL,
  `IsActive` bit(1) NOT NULL
) ENGINE=InnoDB DEFAULT CHARSET=utf8mb4;

--
-- Dumping data for table `sellernotesreviews`
--

INSERT INTO `sellernotesreviews` (`ID`, `NoteID`, `ReviewedByID`, `AgainstDownloadsID`, `Ratings`, `Comments`, `CreatedDate`, `CreatedBy`, `ModifiedDate`, `ModifiedBy`, `IsActive`) VALUES
(3, 47, 5, 60, '4.00', 'best', '2021-03-26 12:18:51', 5, '2021-03-26 12:18:51', 5, b'1'),
(4, 21, 10, 142, '5.00', 'best', '2021-03-26 16:25:55', 10, '2021-03-26 16:25:55', 10, b'1'),
(5, 55, 10, 119, '4.00', 'best', '2021-03-26 16:29:39', 10, '2021-03-26 16:29:39', 10, b'1'),
(6, 9, 10, 140, '5.00', 'best', '2021-03-26 16:30:12', 10, '2021-03-26 16:30:12', 10, b'1'),
(7, 25, 10, 145, '5.00', 'best', '2021-03-26 16:30:39', 10, '2021-03-26 16:30:39', 10, b'1'),
(8, 26, 10, 125, '4.50', 'best', '2021-03-26 16:30:52', 10, '2021-03-26 16:30:52', 10, b'1'),
(9, 46, 10, 131, '5.00', 'best', '2021-03-26 16:31:03', 10, '2021-03-26 16:31:03', 10, b'1'),
(10, 47, 10, 130, '5.00', 'best', '2021-03-26 16:31:15', 10, '2021-03-26 16:31:15', 10, b'1'),
(11, 51, 10, 132, '4.50', 'best', '2021-03-26 16:31:28', 10, '2021-03-26 16:31:28', 10, b'1'),
(12, 52, 10, 122, '4.50', 'best', '2021-03-26 16:31:52', 10, '2021-03-26 16:31:52', 10, b'1'),
(13, 54, 10, 121, '3.00', 'best', '2021-03-26 16:32:10', 10, '2021-03-26 16:32:10', 10, b'1'),
(14, 25, 9, 104, '5.00', 'best', '2021-03-26 16:32:54', 9, '2021-03-26 16:32:54', 9, b'1'),
(16, 51, 9, 114, '2.50', 'best', '2021-03-26 16:33:13', 9, '2021-03-26 16:33:13', 9, b'1'),
(17, 58, 9, 116, '2.00', 'best', '2021-03-26 16:33:23', 9, '2021-03-26 16:33:23', 9, b'1'),
(18, 46, 5, 59, '5.00', 'best', '2021-03-26 16:33:54', 5, '2021-03-26 16:33:54', 5, b'1'),
(19, 48, 5, 61, '3.50', 'best', '2021-03-26 16:34:12', 5, '2021-03-26 16:34:12', 5, b'1'),
(20, 49, 5, 63, '3.00', 'best', '2021-03-26 16:34:21', 5, '2021-03-26 16:34:21', 5, b'1'),
(21, 53, 5, 68, '3.50', 'best', '2021-03-26 16:34:33', 5, '2021-03-26 16:34:33', 5, b'1'),
(22, 58, 5, 69, '2.50', 'best', '2021-03-26 16:34:47', 5, '2021-03-26 16:34:47', 5, b'1'),
(23, 10, 6, 75, '3.50', 'best', '2021-03-26 16:36:04', 6, '2021-03-26 16:36:04', 6, b'1'),
(24, 14, 6, 81, '3.00', 'best', '2021-03-26 16:36:16', 6, '2021-03-26 16:36:16', 6, b'1'),
(25, 19, 6, 86, '5.00', 'best', '2021-03-26 16:36:25', 6, '2021-03-26 16:36:25', 6, b'1'),
(26, 21, 6, 78, '5.00', 'best', '2021-03-26 16:36:49', 6, '2021-03-26 16:36:49', 6, b'1'),
(27, 22, 6, 85, '2.50', 'best', '2021-03-26 16:37:03', 6, '2021-03-26 16:37:03', 6, b'1'),
(28, 24, 6, 84, '1.00', 'best', '2021-03-26 16:37:20', 6, '2021-03-26 16:37:20', 6, b'1'),
(30, 26, 6, 94, '2.50', 'best', '2021-03-26 16:37:42', 6, '2021-03-26 16:37:42', 6, b'1'),
(31, 27, 6, 88, '3.50', 'best', '2021-03-26 16:37:54', 6, '2021-03-26 16:37:54', 6, b'1'),
(32, 28, 6, 91, '3.50', 'best', '2021-03-26 16:38:06', 6, '2021-03-26 16:38:06', 6, b'1');

-- --------------------------------------------------------

--
-- Table structure for table `systemconfigurations`
--

CREATE TABLE `systemconfigurations` (
  `ID` int(11) NOT NULL,
  `configurationkey` varchar(100) NOT NULL,
  `value` varchar(255) NOT NULL,
  `CreatedDate` datetime DEFAULT NULL,
  `CreatedBy` int(11) DEFAULT NULL,
  `ModifiedDate` datetime DEFAULT NULL,
  `ModifiedBy` int(11) DEFAULT NULL,
  `IsActive` bit(1) NOT NULL
) ENGINE=InnoDB DEFAULT CHARSET=utf8mb4;

--
-- Dumping data for table `systemconfigurations`
--

INSERT INTO `systemconfigurations` (`ID`, `configurationkey`, `value`, `CreatedDate`, `CreatedBy`, `ModifiedDate`, `ModifiedBy`, `IsActive`) VALUES
(1, 'supportemail', 'happymanvar66@gmail.com', '2021-04-10 17:41:36', 1, NULL, NULL, b'1'),
(2, 'supportphone', '1237894565', '2021-04-10 17:41:36', 1, NULL, NULL, b'1'),
(3, 'emailaddresses', 'happymanvar66@gmail.com', '2021-04-10 17:41:36', 1, NULL, NULL, b'1'),
(4, 'facebookurl', 'https://www.facebook.com/', '2021-04-10 17:41:36', 1, NULL, NULL, b'1'),
(5, 'twitterurl', 'https://twitter.com/LOGIN', '2021-04-10 17:41:36', 1, NULL, NULL, b'1'),
(6, 'linkedinurl', 'https://www.linkedin.com/login', '2021-04-10 17:41:36', 1, NULL, NULL, b'1'),
(7, 'defaultprofilepicture', 'pt3.jpg', '2021-04-10 17:41:36', 1, NULL, NULL, b'1'),
(8, 'defaultnote', 'computer-science.png', '2021-04-10 17:41:36', 1, NULL, NULL, b'1');

-- --------------------------------------------------------

--
-- Table structure for table `users`
--

CREATE TABLE `users` (
  `ID` int(11) NOT NULL,
  `RoleID` int(11) NOT NULL,
  `FirstName` varchar(50) NOT NULL,
  `LastName` varchar(50) NOT NULL,
  `EmailID` varchar(100) NOT NULL,
  `Password` varchar(80) NOT NULL,
  `token` varchar(255) NOT NULL,
  `IsEmailVarified` bit(1) NOT NULL,
  `CreatedDate` datetime DEFAULT NULL,
  `CreatedBy` int(11) DEFAULT NULL,
  `ModifiedDate` datetime DEFAULT NULL,
  `ModifiedBy` int(11) DEFAULT NULL,
  `IsActive` bit(1) NOT NULL
) ENGINE=InnoDB DEFAULT CHARSET=utf8mb4;

--
-- Dumping data for table `users`
--

INSERT INTO `users` (`ID`, `RoleID`, `FirstName`, `LastName`, `EmailID`, `Password`, `token`, `IsEmailVarified`, `CreatedDate`, `CreatedBy`, `ModifiedDate`, `ModifiedBy`, `IsActive`) VALUES
(1, 1, 'Ram', 'Patel', 'reyexif580@684hh.com', '$2y$10$CgodLRrKY1GkfRS5.EC4TOt.P9sCwIOBu7O0PQwhTa9AUksZxbLfK', '58457b5ab93701d39a301e1b574f41', b'1', '2021-04-09 09:00:42', 1, '2021-04-09 09:00:42', 1, b'1'),
(5, 3, 'happy', 'manvar', 'happymanvar13@gmail.com', '$2y$10$W69Z6bW/Ya3wEotYWkXrFuzbltx5NGDDaCEOXW4i.InKjeax8xUhO', 'd4b6d1cf748ec725f6dca248dda6e6', b'1', '2021-03-04 16:58:16', NULL, '2021-03-04 16:58:16', NULL, b'1'),
(6, 3, 'harry', 'potter', '170200107066@gecrajkot.ac.in', '$2y$10$vfwOHX381w/OHwra6CZyS.veUtH28YdHmvU.xptru6Bxb1nTkotpi', '1692693bbe8bbe9d909d66b8a88538', b'1', '2021-03-04 16:59:05', NULL, '2021-03-04 16:59:05', NULL, b'1'),
(7, 3, 'abc', 'xyz', 'abc@gmail.com', 'zzzzzzzzz', '80cc0e73687442b6153ba9f4c4330c', b'0', '2021-03-05 08:12:21', NULL, '2021-04-10 12:49:17', 1, b'0'),
(9, 3, 'jeet', 'kavthiya', 'jeetkavthiya21@gmail.com', '$2y$10$neqMpBJg6EOH649fisDxtOEDZTludh5oHTXhePHfrVMGGXMWLP1IO', '78da95d113090a1196591e68fd8083', b'1', '2021-03-26 12:36:29', NULL, '2021-03-26 12:36:29', NULL, b'1'),
(10, 3, 'jignesh', 'patel', 'kavthiyajeet84@gmail.com', '$2y$10$G2Gop47bG3PEPjeFyV/Q9edutBSLl3Vd/fl5pkbGLELmSGyXUp3g2', '334500108f8823916d2e5be7911b6f', b'1', '2021-03-26 12:49:15', NULL, '2021-03-26 12:49:15', NULL, b'1'),
(14, 2, 'john', 'weak', 'dohox49352@0pppp.com', '$2y$10$nQmG0TIwlmtHyDoyDA6hg.Fr76Ewv5st5Rm3WV6CqwZ8URmuH/3oS', '67ba41383c5610dc58de2d006561d8', b'1', '2021-04-05 09:54:47', 1, '2021-04-10 12:31:13', 1, b'1');

-- --------------------------------------------------------

--
-- Table structure for table `user_profile`
--

CREATE TABLE `user_profile` (
  `ID` int(11) NOT NULL,
  `UserID` int(11) NOT NULL,
  `DOB` date DEFAULT NULL,
  `Gender` int(11) DEFAULT NULL,
  `SecondaryEmailAddress` varchar(100) DEFAULT NULL,
  `Phone number - Country Code` varchar(5) NOT NULL,
  `Phone number` varchar(20) NOT NULL,
  `Profile Picture` varchar(500) DEFAULT NULL,
  `Address Line 1` varchar(100) NOT NULL,
  `Address Line 2` varchar(100) NOT NULL,
  `City` varchar(50) NOT NULL,
  `State` varchar(50) NOT NULL,
  `Zip Code` varchar(50) NOT NULL,
  `Country` varchar(50) NOT NULL,
  `University` varchar(100) DEFAULT NULL,
  `College` varchar(100) DEFAULT NULL,
  `CreatedDate` datetime DEFAULT NULL,
  `CreatedBy` int(11) DEFAULT NULL,
  `ModifiedDate` datetime DEFAULT NULL,
  `ModifiedBy` int(11) DEFAULT NULL
) ENGINE=InnoDB DEFAULT CHARSET=utf8mb4;

--
-- Dumping data for table `user_profile`
--

INSERT INTO `user_profile` (`ID`, `UserID`, `DOB`, `Gender`, `SecondaryEmailAddress`, `Phone number - Country Code`, `Phone number`, `Profile Picture`, `Address Line 1`, `Address Line 2`, `City`, `State`, `Zip Code`, `Country`, `University`, `College`, `CreatedDate`, `CreatedBy`, `ModifiedDate`, `ModifiedBy`) VALUES
(1, 5, '2021-03-27', 1, NULL, '+91', '7894561230', '', 'shree mahatma gandhi school - rajkot', 'ajmera sashtry nagar, nana mauva main road rajkot', 'rajkot', 'GUJARAT', '360005', 'India', 'gtu', 'gecr', '2021-03-19 09:53:15', 1, '2021-03-19 10:00:15', 5),
(2, 6, '2021-03-26', 1, NULL, '+91', '4561237890', 'DP_240321091010.png', 'shree  gandhi school - rajkot', 'ajmera  nagar,  mauva main road rajkot', 'rajkot', 'GUJARAT', '360006', 'India', 'BVM', 'BVM', '2021-03-24 21:10:10', 1, '2021-03-24 21:10:10', 1),
(3, 9, '2000-12-29', 1, NULL, '+91', '7894561230', 'DP_260321124410.png', 'shree mahatma school - rajkot', 'ajmera , nana mauva main road rajkot', 'rajkot', 'GUJARAT', '360005', 'India', 'bvm', 'bvm', '2021-03-26 12:44:10', 1, '2021-03-26 12:44:10', 1),
(4, 10, '1996-03-14', 1, NULL, '+91', '9517534567', 'DP_260321125156.png', 'shree mahatma gandhi - rajkot', 'sashtry nagar, nana mauva main road rajkot', 'rajkot', 'GUJARAT', '362001', 'India', 'bvm', 'bvm', '2021-03-26 12:51:56', 1, '2021-03-26 12:51:56', 1),
(5, 14, NULL, NULL, 'abc@gmail.com', '+91', '1144552266', '', '', '', '', '', '', '', NULL, NULL, '2021-04-10 09:32:20', 14, '2021-04-10 12:31:13', 1);

-- --------------------------------------------------------

--
-- Table structure for table `user_roles`
--

CREATE TABLE `user_roles` (
  `ID` int(11) NOT NULL,
  `Name` varchar(50) NOT NULL,
  `Description` varchar(255) DEFAULT NULL,
  `CreatedDate` datetime DEFAULT current_timestamp(),
  `CreatedBy` int(11) DEFAULT NULL,
  `ModifiedDate` datetime DEFAULT current_timestamp(),
  `ModifiedBy` int(11) DEFAULT NULL,
  `IsActive` bit(1) NOT NULL
) ENGINE=InnoDB DEFAULT CHARSET=utf8mb4;

--
-- Dumping data for table `user_roles`
--

INSERT INTO `user_roles` (`ID`, `Name`, `Description`, `CreatedDate`, `CreatedBy`, `ModifiedDate`, `ModifiedBy`, `IsActive`) VALUES
(1, 'Super Admin', 'super admin can insert admins', '2021-03-04 16:31:22', 1, '2021-03-04 16:31:22', 1, b'1'),
(2, 'Admin', 'Admin can manage all things.', '2021-03-04 16:33:06', 1, '2021-03-04 16:33:06', 1, b'1'),
(3, 'Member', 'user of notes market place', '2021-03-04 16:33:06', 1, '2021-03-04 16:33:06', 1, b'1');

--
-- Indexes for dumped tables
--

--
-- Indexes for table `countries`
--
ALTER TABLE `countries`
  ADD PRIMARY KEY (`ID`);

--
-- Indexes for table `downloads`
--
ALTER TABLE `downloads`
  ADD PRIMARY KEY (`ID`),
  ADD KEY `NoteID` (`NoteID`),
  ADD KEY `Seller` (`Seller`),
  ADD KEY `Downloader` (`Downloader`);

--
-- Indexes for table `notecategories`
--
ALTER TABLE `notecategories`
  ADD PRIMARY KEY (`ID`);

--
-- Indexes for table `notetypes`
--
ALTER TABLE `notetypes`
  ADD PRIMARY KEY (`ID`);

--
-- Indexes for table `referencedata`
--
ALTER TABLE `referencedata`
  ADD PRIMARY KEY (`ID`);

--
-- Indexes for table `sellernotes`
--
ALTER TABLE `sellernotes`
  ADD PRIMARY KEY (`ID`),
  ADD KEY `SellerID` (`SellerID`),
  ADD KEY `Status` (`Status`),
  ADD KEY `ActionedBy` (`ActionedBy`),
  ADD KEY `Category` (`Category`),
  ADD KEY `NoteType` (`NoteType`),
  ADD KEY `Country` (`Country`);

--
-- Indexes for table `sellernotesattachements`
--
ALTER TABLE `sellernotesattachements`
  ADD PRIMARY KEY (`ID`),
  ADD KEY `NoteID` (`NoteID`);

--
-- Indexes for table `sellernotesreportedissues`
--
ALTER TABLE `sellernotesreportedissues`
  ADD PRIMARY KEY (`ID`),
  ADD KEY `NoteID` (`NoteID`),
  ADD KEY `ReportedByID` (`ReportedByID`),
  ADD KEY `AgainstDownloadID` (`AgainstDownloadID`);

--
-- Indexes for table `sellernotesreviews`
--
ALTER TABLE `sellernotesreviews`
  ADD PRIMARY KEY (`ID`),
  ADD KEY `NoteID` (`NoteID`),
  ADD KEY `ReviewedByID` (`ReviewedByID`),
  ADD KEY `AgainstDownloadsID` (`AgainstDownloadsID`);

--
-- Indexes for table `systemconfigurations`
--
ALTER TABLE `systemconfigurations`
  ADD PRIMARY KEY (`ID`);

--
-- Indexes for table `users`
--
ALTER TABLE `users`
  ADD PRIMARY KEY (`ID`),
  ADD KEY `RoleID` (`RoleID`);

--
-- Indexes for table `user_profile`
--
ALTER TABLE `user_profile`
  ADD PRIMARY KEY (`ID`),
  ADD KEY `UserID` (`UserID`),
  ADD KEY `Gender` (`Gender`);

--
-- Indexes for table `user_roles`
--
ALTER TABLE `user_roles`
  ADD PRIMARY KEY (`ID`);

--
-- AUTO_INCREMENT for dumped tables
--

--
-- AUTO_INCREMENT for table `countries`
--
ALTER TABLE `countries`
  MODIFY `ID` int(11) NOT NULL AUTO_INCREMENT, AUTO_INCREMENT=14;

--
-- AUTO_INCREMENT for table `downloads`
--
ALTER TABLE `downloads`
  MODIFY `ID` int(11) NOT NULL AUTO_INCREMENT, AUTO_INCREMENT=156;

--
-- AUTO_INCREMENT for table `notecategories`
--
ALTER TABLE `notecategories`
  MODIFY `ID` int(11) NOT NULL AUTO_INCREMENT, AUTO_INCREMENT=10;

--
-- AUTO_INCREMENT for table `notetypes`
--
ALTER TABLE `notetypes`
  MODIFY `ID` int(11) NOT NULL AUTO_INCREMENT, AUTO_INCREMENT=10;

--
-- AUTO_INCREMENT for table `referencedata`
--
ALTER TABLE `referencedata`
  MODIFY `ID` int(11) NOT NULL AUTO_INCREMENT, AUTO_INCREMENT=12;

--
-- AUTO_INCREMENT for table `sellernotes`
--
ALTER TABLE `sellernotes`
  MODIFY `ID` int(11) NOT NULL AUTO_INCREMENT, AUTO_INCREMENT=61;

--
-- AUTO_INCREMENT for table `sellernotesattachements`
--
ALTER TABLE `sellernotesattachements`
  MODIFY `ID` int(11) NOT NULL AUTO_INCREMENT, AUTO_INCREMENT=88;

--
-- AUTO_INCREMENT for table `sellernotesreportedissues`
--
ALTER TABLE `sellernotesreportedissues`
  MODIFY `ID` int(11) NOT NULL AUTO_INCREMENT, AUTO_INCREMENT=10;

--
-- AUTO_INCREMENT for table `sellernotesreviews`
--
ALTER TABLE `sellernotesreviews`
  MODIFY `ID` int(11) NOT NULL AUTO_INCREMENT, AUTO_INCREMENT=33;

--
-- AUTO_INCREMENT for table `systemconfigurations`
--
ALTER TABLE `systemconfigurations`
  MODIFY `ID` int(11) NOT NULL AUTO_INCREMENT, AUTO_INCREMENT=9;

--
-- AUTO_INCREMENT for table `users`
--
ALTER TABLE `users`
  MODIFY `ID` int(11) NOT NULL AUTO_INCREMENT, AUTO_INCREMENT=17;

--
-- AUTO_INCREMENT for table `user_profile`
--
ALTER TABLE `user_profile`
  MODIFY `ID` int(11) NOT NULL AUTO_INCREMENT, AUTO_INCREMENT=6;

--
-- AUTO_INCREMENT for table `user_roles`
--
ALTER TABLE `user_roles`
  MODIFY `ID` int(11) NOT NULL AUTO_INCREMENT, AUTO_INCREMENT=4;

--
-- Constraints for dumped tables
--

--
-- Constraints for table `downloads`
--
ALTER TABLE `downloads`
  ADD CONSTRAINT `downloads_ibfk_1` FOREIGN KEY (`NoteID`) REFERENCES `sellernotes` (`ID`),
  ADD CONSTRAINT `downloads_ibfk_2` FOREIGN KEY (`Seller`) REFERENCES `users` (`ID`),
  ADD CONSTRAINT `downloads_ibfk_3` FOREIGN KEY (`Downloader`) REFERENCES `users` (`ID`);

--
-- Constraints for table `sellernotes`
--
ALTER TABLE `sellernotes`
  ADD CONSTRAINT `sellernotes_ibfk_1` FOREIGN KEY (`SellerID`) REFERENCES `users` (`ID`),
  ADD CONSTRAINT `sellernotes_ibfk_2` FOREIGN KEY (`Status`) REFERENCES `referencedata` (`ID`),
  ADD CONSTRAINT `sellernotes_ibfk_3` FOREIGN KEY (`ActionedBy`) REFERENCES `users` (`ID`),
  ADD CONSTRAINT `sellernotes_ibfk_4` FOREIGN KEY (`Category`) REFERENCES `notecategories` (`ID`),
  ADD CONSTRAINT `sellernotes_ibfk_5` FOREIGN KEY (`NoteType`) REFERENCES `notetypes` (`ID`),
  ADD CONSTRAINT `sellernotes_ibfk_6` FOREIGN KEY (`Country`) REFERENCES `countries` (`ID`);

--
-- Constraints for table `sellernotesattachements`
--
ALTER TABLE `sellernotesattachements`
  ADD CONSTRAINT `sellernotesattachements_ibfk_1` FOREIGN KEY (`NoteID`) REFERENCES `sellernotes` (`ID`);

--
-- Constraints for table `sellernotesreportedissues`
--
ALTER TABLE `sellernotesreportedissues`
  ADD CONSTRAINT `sellernotesreportedissues_ibfk_1` FOREIGN KEY (`NoteID`) REFERENCES `sellernotes` (`ID`),
  ADD CONSTRAINT `sellernotesreportedissues_ibfk_2` FOREIGN KEY (`ReportedByID`) REFERENCES `users` (`ID`),
  ADD CONSTRAINT `sellernotesreportedissues_ibfk_3` FOREIGN KEY (`AgainstDownloadID`) REFERENCES `downloads` (`ID`);

--
-- Constraints for table `sellernotesreviews`
--
ALTER TABLE `sellernotesreviews`
  ADD CONSTRAINT `sellernotesreviews_ibfk_1` FOREIGN KEY (`NoteID`) REFERENCES `sellernotes` (`ID`),
  ADD CONSTRAINT `sellernotesreviews_ibfk_2` FOREIGN KEY (`ReviewedByID`) REFERENCES `users` (`ID`),
  ADD CONSTRAINT `sellernotesreviews_ibfk_3` FOREIGN KEY (`AgainstDownloadsID`) REFERENCES `downloads` (`ID`);

--
-- Constraints for table `users`
--
ALTER TABLE `users`
  ADD CONSTRAINT `users_ibfk_1` FOREIGN KEY (`RoleID`) REFERENCES `user_roles` (`ID`);

--
-- Constraints for table `user_profile`
--
ALTER TABLE `user_profile`
  ADD CONSTRAINT `user_profile_ibfk_1` FOREIGN KEY (`UserID`) REFERENCES `users` (`ID`),
  ADD CONSTRAINT `user_profile_ibfk_2` FOREIGN KEY (`Gender`) REFERENCES `referencedata` (`ID`);
COMMIT;

/*!40101 SET CHARACTER_SET_CLIENT=@OLD_CHARACTER_SET_CLIENT */;
/*!40101 SET CHARACTER_SET_RESULTS=@OLD_CHARACTER_SET_RESULTS */;
/*!40101 SET COLLATION_CONNECTION=@OLD_COLLATION_CONNECTION */;
